GeoFIPS,GeoName,Region,TableName,LineCode,IndustryClassification,Description,Unit,1997,1998,1999,2000,2001,2002,2003,2004,2005,2006,2007,2008,2009,2010,2011,2012,2013,2014,2015,2016,2017,2018,2019
 "24000","Maryland",2,SAGDP5N,1,"...","All industry total","Thousands of dollars",-609813,-570360,-609661,-629282,-686282,-672218,-798756,-828961,-994921,-942888,-1029720,-976363,-1123801,-1097037,-1185137,-1159034,-1146850,-1132899,-1100706,-1152242,-1133158,-1139105,-1215039
 "24000","Maryland",2,SAGDP5N,2,"..."," Private industries","Thousands of dollars",-332440,-356409,-396191,-421899,-467511,-411677,-506767,-515343,-677333,-610690,-692029,-639738,-710687,-679792,-743892,-714232,-696541,-651023,-614867,-651300,-659721,-630849,-698790
 "24000","Maryland",2,SAGDP5N,3,"11","  Agriculture, forestry, fishing and hunting","Thousands of dollars",-16529,-32549,-58948,-89769,-77598,-42221,-57304,-44722,-73160,-57621,-37066,-48527,-44915,-46104,-34845,-46285,-35272,-20551,-21212,-37187,-47688,-33860,-106450
 "24000","Maryland",2,SAGDP5N,4,"111-112","   Farms","Thousands of dollars",-16529,-32549,-58948,-89769,-77598,-42221,-57304,-44722,-73160,-57621,-37066,-48527,-44915,-46104,-34845,-46285,-35272,-20551,-21212,-37187,-47688,-33860,-106450
 "24000","Maryland",2,SAGDP5N,5,"113-115","   Forestry, fishing, and related activities","Thousands of dollars",0,0,0,0,0,0,0,0,0,0,0,0,0,0,0,0,0,0,0,0,0,0,0
 "24000","Maryland",2,SAGDP5N,6,"21","  Mining, quarrying, and oil and gas extraction","Thousands of dollars",0,0,0,0,0,0,0,0,0,0,0,0,0,0,0,0,0,0,0,0,0,0,0
 "24000","Maryland",2,SAGDP5N,7,"211","   Oil and gas extraction","Thousands of dollars",0,0,0,0,0,0,0,0,0,0,0,0,0,0,0,0,0,0,0,0,0,0,0
 "24000","Maryland",2,SAGDP5N,8,"212","   Mining (except oil and gas)","Thousands of dollars",0,0,0,0,0,0,0,0,0,0,0,0,0,0,0,0,0,0,0,0,0,0,0
 "24000","Maryland",2,SAGDP5N,9,"213","   Support activities for mining","Thousands of dollars",0,0,0,0,0,0,0,0,0,0,0,0,0,0,0,0,0,0,0,0,0,0,0
 "24000","Maryland",2,SAGDP5N,10,"22","  Utilities","Thousands of dollars",0,0,0,0,0,0,0,0,0,0,0,0,0,0,0,0,0,0,0,0,0,0,0
 "24000","Maryland",2,SAGDP5N,11,"23","  Construction","Thousands of dollars",0,0,0,0,0,0,0,0,0,0,0,0,0,0,0,0,0,0,0,0,0,0,0
 "24000","Maryland",2,SAGDP5N,12,"31-33","  Manufacturing","Thousands of dollars",0,0,0,0,0,0,0,0,0,-86,-39,-677,-1620,-4043,-6051,-4011,-2251,-1672,-1412,-1340,-1310,-1311,-1331
 "24000","Maryland",2,SAGDP5N,13,"321,327-339","   Durable goods manufacturing","Thousands of dollars",0,0,0,0,0,0,0,0,0,0,0,-627,-1310,-3414,-3675,-2695,-1317,-855,-944,-872,-824,-817,-949
 "24000","Maryland",2,SAGDP5N,14,"321","    Wood product manufacturing","Thousands of dollars",0,0,0,0,0,0,0,0,0,0,0,0,0,0,0,0,0,0,0,0,0,0,0
 "24000","Maryland",2,SAGDP5N,15,"327","    Nonmetallic mineral product manufacturing","Thousands of dollars",0,0,0,0,0,0,0,0,0,0,0,0,0,0,0,0,0,0,0,0,0,0,0
 "24000","Maryland",2,SAGDP5N,16,"331","    Primary metal manufacturing","Thousands of dollars",0,0,0,0,0,0,0,0,0,0,0,0,0,0,0,0,0,0,0,0,0,0,0
 "24000","Maryland",2,SAGDP5N,17,"332","    Fabricated metal product manufacturing","Thousands of dollars",0,0,0,0,0,0,0,0,0,0,0,0,0,0,0,0,0,0,0,0,0,0,0
 "24000","Maryland",2,SAGDP5N,18,"333","    Machinery manufacturing","Thousands of dollars",0,0,0,0,0,0,0,0,0,0,0,0,0,0,0,0,0,0,0,0,0,0,0
 "24000","Maryland",2,SAGDP5N,19,"334","    Computer and electronic product manufacturing","Thousands of dollars",0,0,0,0,0,0,0,0,0,0,0,0,0,0,0,0,0,0,0,0,0,0,0
 "24000","Maryland",2,SAGDP5N,20,"335","    Electrical equipment, appliance, and component manufacturing","Thousands of dollars",0,0,0,0,0,0,0,0,0,0,0,-627,-1310,-3414,-3675,-2695,-1317,-855,-944,-872,-824,-817,-949
 "24000","Maryland",2,SAGDP5N,21,"3361-3363","    Motor vehicles, bodies and trailers, and parts manufacturing","Thousands of dollars",0,0,0,0,0,0,0,0,0,0,0,0,0,0,0,0,0,0,0,0,0,0,0
 "24000","Maryland",2,SAGDP5N,22,"3364-3369","    Other transportation equipment manufacturing","Thousands of dollars",0,0,0,0,0,0,0,0,0,0,0,0,0,0,0,0,0,0,0,0,0,0,0
 "24000","Maryland",2,SAGDP5N,23,"337","    Furniture and related product manufacturing","Thousands of dollars",0,0,0,0,0,0,0,0,0,0,0,0,0,0,0,0,0,0,0,0,0,0,0
 "24000","Maryland",2,SAGDP5N,24,"339","    Miscellaneous manufacturing","Thousands of dollars",0,0,0,0,0,0,0,0,0,0,0,0,0,0,0,0,0,0,0,0,0,0,0
 "24000","Maryland",2,SAGDP5N,25,"311-316,322-326","   Nondurable goods manufacturing","Thousands of dollars",0,0,0,0,0,0,0,0,0,-86,-39,-50,-310,-629,-2376,-1316,-933,-816,-468,-469,-487,-494,-381
 "24000","Maryland",2,SAGDP5N,26,"311-312","    Food and beverage and tobacco product manufacturing","Thousands of dollars",0,0,0,0,0,0,0,0,0,0,0,0,0,0,0,0,0,0,0,0,0,0,0
 "24000","Maryland",2,SAGDP5N,27,"313-314","    Textile mills and textile product mills","Thousands of dollars",0,0,0,0,0,0,0,0,0,-86,-39,-50,-54,-48,-53,-50,-38,-33,-195,-195,-194,-188,-175
 "24000","Maryland",2,SAGDP5N,28,"315-316","    Apparel, leather, and allied product manufacturing","Thousands of dollars",0,0,0,0,0,0,0,0,0,0,0,0,0,0,0,0,0,0,0,0,0,0,0
 "24000","Maryland",2,SAGDP5N,29,"322","    Paper manufacturing","Thousands of dollars",0,0,0,0,0,0,0,0,0,0,0,0,0,0,0,0,0,0,0,0,0,0,0
 "24000","Maryland",2,SAGDP5N,30,"323","    Printing and related support activities","Thousands of dollars",0,0,0,0,0,0,0,0,0,0,0,0,0,0,0,0,0,0,0,0,0,0,0
 "24000","Maryland",2,SAGDP5N,31,"324","    Petroleum and coal products manufacturing","Thousands of dollars",0,0,0,0,0,0,0,0,0,0,0,0,-41,-300,-100,-672,-191,-89,0,0,0,0,0
 "24000","Maryland",2,SAGDP5N,32,"325","    Chemical manufacturing","Thousands of dollars",0,0,0,0,0,0,0,0,0,0,0,0,-215,-281,-2224,-594,-704,-695,-273,-274,-293,-306,-207
 "24000","Maryland",2,SAGDP5N,33,"326","    Plastics and rubber products manufacturing","Thousands of dollars",0,0,0,0,0,0,0,0,0,0,0,0,0,0,0,0,0,0,0,0,0,0,0
 "24000","Maryland",2,SAGDP5N,34,"42","  Wholesale trade","Thousands of dollars",0,0,0,0,0,0,0,0,0,0,0,0,0,0,0,0,0,0,0,0,0,0,0
 "24000","Maryland",2,SAGDP5N,35,"44-45","  Retail trade","Thousands of dollars",0,0,0,0,0,0,0,0,0,0,0,0,-55447,-5965,-56,0,0,0,0,0,0,0,0
 "24000","Maryland",2,SAGDP5N,36,"48-49","  Transportation and warehousing","Thousands of dollars",-41654,-32562,-39609,-42065,-100386,-59506,-82539,-65339,-67693,-64397,-57008,-67565,-85366,-99266,-76307,-69416,-64703,-60420,-61046,-66126,-77062,-87512,-86307
 "24000","Maryland",2,SAGDP5N,37,"481","   Air transportation","Thousands of dollars",-242,12,0,-12,-60732,-1933,-30378,-205,-737,-1123,-1135,-1703,-2065,-2476,-2851,-3128,-2826,-2645,-2899,-2959,-2875,-2730,-3467
 "24000","Maryland",2,SAGDP5N,38,"482","   Rail transportation","Thousands of dollars",-40028,-31985,-39348,-41399,-37312,-53232,-48743,-57567,-63567,-59003,-52815,-63725,-79377,-93596,-69816,-58781,-59844,-56906,-57611,-61060,-73575,-84492,-82487
 "24000","Maryland",2,SAGDP5N,39,"483","   Water transportation","Thousands of dollars",-1384,-589,-261,-653,-2343,-4342,-3382,-7330,-3176,-3712,-2921,-1992,-3861,-3194,-3640,-7507,-2032,-869,-536,-2107,-612,-290,-354
 "24000","Maryland",2,SAGDP5N,40,"484","   Truck transportation","Thousands of dollars",0,0,0,0,0,0,-36,-237,-213,-558,-136,-145,-62,0,0,0,0,0,0,0,0,0,0
 "24000","Maryland",2,SAGDP5N,41,"485","   Transit and ground passenger transportation","Thousands of dollars",0,0,0,0,0,0,0,0,0,0,0,0,0,0,0,0,0,0,0,0,0,0,0
 "24000","Maryland",2,SAGDP5N,42,"486","   Pipeline transportation","Thousands of dollars",0,0,0,0,0,0,0,0,0,0,0,0,0,0,0,0,0,0,0,0,0,0,0
 "24000","Maryland",2,SAGDP5N,43,"487-488, 492","   Other transportation and support activities","Thousands of dollars",0,0,0,0,0,0,0,0,0,0,0,0,0,0,0,0,0,0,0,0,0,0,0
 "24000","Maryland",2,SAGDP5N,44,"493","   Warehousing and storage","Thousands of dollars",0,0,0,0,0,0,0,0,0,0,0,0,0,0,0,0,0,0,0,0,0,0,0
 "24000","Maryland",2,SAGDP5N,45,"51","  Information","Thousands of dollars",0,0,0,0,0,0,0,0,0,0,0,0,-985,-2955,-12778,-18109,-9919,-2351,-2276,121,-252,-112,-134
 "24000","Maryland",2,SAGDP5N,46,"511","   Publishing industries (except Internet)","Thousands of dollars",0,0,0,0,0,0,0,0,0,0,0,0,0,0,0,0,0,0,0,0,0,0,0
 "24000","Maryland",2,SAGDP5N,47,"512","   Motion picture and sound recording industries","Thousands of dollars",0,0,0,0,0,0,0,0,0,0,0,0,0,0,0,0,0,0,0,0,0,0,0
 "24000","Maryland",2,SAGDP5N,48,"515, 517","   Broadcasting (except Internet) and telecommunications","Thousands of dollars",0,0,0,0,0,0,0,0,0,0,0,0,-985,-2955,-12778,-18109,-9919,-2351,-2276,121,-252,-112,-134
 "24000","Maryland",2,SAGDP5N,49,"518, 519","   Data processing, hosting, and other information services","Thousands of dollars",0,0,0,0,0,0,0,0,0,0,0,0,0,0,0,0,0,0,0,0,0,0,0
 "24000","Maryland",2,SAGDP5N,50,"52, 53","  Finance, insurance, real estate, rental, and leasing","Thousands of dollars",-274257,-291298,-297634,-290065,-289527,-309950,-366924,-405282,-536480,-488587,-597916,-522969,-522355,-508894,-512204,-517371,-513011,-500862,-490316,-524501,-525595,-507811,-504328
 "24000","Maryland",2,SAGDP5N,51,"52","   Finance and insurance","Thousands of dollars",-543,-758,-1115,-1009,-1156,-1444,-579,-350,-561,-370,-564,-612,-524,-2599,-6265,-13712,-8100,-8795,-5256,-6993,-6682,-6287,-5497
 "24000","Maryland",2,SAGDP5N,52,"521-522","    Monetary Authorities- central bank, credit intermediation, and related services","Thousands of dollars",-543,-758,-1115,-1009,-1156,-1444,-579,-350,-561,-370,-564,-612,-524,-2599,-6265,-13712,-8100,-8795,-5256,-6993,-6682,-6287,-5497
 "24000","Maryland",2,SAGDP5N,53,"523","    Securities, commodity contracts, and other financial investments and related activities","Thousands of dollars",0,0,0,0,0,0,0,0,0,0,0,0,0,0,0,0,0,0,0,0,0,0,0
 "24000","Maryland",2,SAGDP5N,54,"524","    Insurance carriers and related activities","Thousands of dollars",0,0,0,0,0,0,0,0,0,0,0,0,0,0,0,0,0,0,0,0,0,0,0
 "24000","Maryland",2,SAGDP5N,55,"525","    Funds, trusts, and other financial vehicles","Thousands of dollars",0,0,0,0,0,0,0,0,0,0,0,0,0,0,0,0,0,0,0,0,0,0,0
 "24000","Maryland",2,SAGDP5N,56,"53","   Real estate and rental and leasing","Thousands of dollars",-273714,-290540,-296518,-289056,-288370,-308506,-366344,-404932,-535920,-488217,-597353,-522357,-521831,-506295,-505939,-503659,-504911,-492067,-485060,-517508,-518913,-501524,-498830
 "24000","Maryland",2,SAGDP5N,57,"531","    Real estate","Thousands of dollars",-273714,-290540,-296518,-289056,-288370,-308506,-366344,-404932,-535920,-488217,-597353,-522357,-521831,-506295,-505939,-503659,-504911,-492067,-485060,-517508,-518913,-501524,-498830
 "24000","Maryland",2,SAGDP5N,58,"532-533","    Rental and leasing services and lessors of nonfinancial intangible assets","Thousands of dollars",0,0,0,0,0,0,0,0,0,0,0,0,0,0,0,0,0,0,0,0,0,0,0
 "24000","Maryland",2,SAGDP5N,59,"54, 55, 56","  Professional and business services","Thousands of dollars",0,0,0,0,0,0,0,0,0,0,0,0,0,0,0,0,0,0,0,0,0,0,0
 "24000","Maryland",2,SAGDP5N,60,"54","   Professional, scientific, and technical services","Thousands of dollars",0,0,0,0,0,0,0,0,0,0,0,0,0,0,0,0,0,0,0,0,0,0,0
 "24000","Maryland",2,SAGDP5N,61,"5411","    Legal services","Thousands of dollars",0,0,0,0,0,0,0,0,0,0,0,0,0,0,0,0,0,0,0,0,0,0,0
 "24000","Maryland",2,SAGDP5N,62,"5415","    Computer systems design and related services","Thousands of dollars",0,0,0,0,0,0,0,0,0,0,0,0,0,0,0,0,0,0,0,0,0,0,0
 "24000","Maryland",2,SAGDP5N,63,"5412-5414, 5416-5419","    Miscellaneous professional, scientific, and technical services","Thousands of dollars",0,0,0,0,0,0,0,0,0,0,0,0,0,0,0,0,0,0,0,0,0,0,0
 "24000","Maryland",2,SAGDP5N,64,"55","   Management of companies and enterprises","Thousands of dollars",0,0,0,0,0,0,0,0,0,0,0,0,0,0,0,0,0,0,0,0,0,0,0
 "24000","Maryland",2,SAGDP5N,65,"56","   Administrative and support and waste management and remediation services","Thousands of dollars",0,0,0,0,0,0,0,0,0,0,0,0,0,0,0,0,0,0,0,0,0,0,0
 "24000","Maryland",2,SAGDP5N,66,"561","    Administrative and support services","Thousands of dollars",0,0,0,0,0,0,0,0,0,0,0,0,0,0,0,0,0,0,0,0,0,0,0
 "24000","Maryland",2,SAGDP5N,67,"562","    Waste management and remediation services","Thousands of dollars",0,0,0,0,0,0,0,0,0,0,0,0,0,0,0,0,0,0,0,0,0,0,0
 "24000","Maryland",2,SAGDP5N,68,"61, 62","  Educational services, health care, and social assistance","Thousands of dollars",0,0,0,0,0,0,0,0,0,0,0,0,0,-12566,-101651,-59040,-71386,-65167,-38606,-22267,-7813,-242,-240
 "24000","Maryland",2,SAGDP5N,69,"61","   Educational services","Thousands of dollars",0,0,0,0,0,0,0,0,0,0,0,0,0,0,0,0,0,0,0,0,0,0,0
 "24000","Maryland",2,SAGDP5N,70,"62","   Health care and social assistance","Thousands of dollars",0,0,0,0,0,0,0,0,0,0,0,0,0,-12566,-101651,-59040,-71386,-65167,-38606,-22267,-7813,-242,-240
 "24000","Maryland",2,SAGDP5N,71,"621","    Ambulatory health care services","Thousands of dollars",0,0,0,0,0,0,0,0,0,0,0,0,0,0,0,0,0,0,0,0,0,0,0
 "24000","Maryland",2,SAGDP5N,72,"622","    Hospitals","Thousands of dollars",0,0,0,0,0,0,0,0,0,0,0,0,0,-12566,-101651,-59040,-71386,-65167,-38606,-22267,-7813,-242,-240
 "24000","Maryland",2,SAGDP5N,73,"623","    Nursing and residential care facilities","Thousands of dollars",0,0,0,0,0,0,0,0,0,0,0,0,0,0,0,0,0,0,0,0,0,0,0
 "24000","Maryland",2,SAGDP5N,74,"624","    Social assistance","Thousands of dollars",0,0,0,0,0,0,0,0,0,0,0,0,0,0,0,0,0,0,0,0,0,0,0
 "24000","Maryland",2,SAGDP5N,75,"71, 72","  Arts, entertainment, recreation, accommodation, and food services","Thousands of dollars",0,0,0,0,0,0,0,0,0,0,0,0,0,0,0,0,0,0,0,0,0,0,0
 "24000","Maryland",2,SAGDP5N,76,"71","   Arts, entertainment, and recreation","Thousands of dollars",0,0,0,0,0,0,0,0,0,0,0,0,0,0,0,0,0,0,0,0,0,0,0
 "24000","Maryland",2,SAGDP5N,77,"711-712","    Performing arts, spectator sports, museums, and related activities","Thousands of dollars",0,0,0,0,0,0,0,0,0,0,0,0,0,0,0,0,0,0,0,0,0,0,0
 "24000","Maryland",2,SAGDP5N,78,"713","    Amusement, gambling, and recreation industries","Thousands of dollars",0,0,0,0,0,0,0,0,0,0,0,0,0,0,0,0,0,0,0,0,0,0,0
 "24000","Maryland",2,SAGDP5N,79,"72","   Accommodation and food services","Thousands of dollars",0,0,0,0,0,0,0,0,0,0,0,0,0,0,0,0,0,0,0,0,0,0,0
 "24000","Maryland",2,SAGDP5N,80,"721","    Accommodation","Thousands of dollars",0,0,0,0,0,0,0,0,0,0,0,0,0,0,0,0,0,0,0,0,0,0,0
 "24000","Maryland",2,SAGDP5N,81,"722","    Food services and drinking places","Thousands of dollars",0,0,0,0,0,0,0,0,0,0,0,0,0,0,0,0,0,0,0,0,0,0,0
 "24000","Maryland",2,SAGDP5N,82,"81","  Other services (except government and government enterprises)","Thousands of dollars",0,0,0,0,0,0,0,0,0,0,0,0,0,0,0,0,0,0,0,0,0,0,0
 "24000","Maryland",2,SAGDP5N,83,"..."," Government and government enterprises","Thousands of dollars",-277373,-213951,-213470,-207383,-218771,-260541,-291989,-313618,-317587,-332197,-337691,-336625,-413114,-417244,-441246,-444802,-450309,-481876,-485839,-500942,-473437,-508257,-516249
 "24000","Maryland",2,SAGDP5N,84,"...","  Federal civilian","Thousands of dollars",-2003,-2260,-2589,-3650,-4235,-5569,-10773,-8489,-9036,-9117,-11575,-17145,-17559,-12593,-17943,-18722,-24971,-24993,-19918,-19134,-20338,-18700,-19083
 "24000","Maryland",2,SAGDP5N,85,"...","  Military","Thousands of dollars",0,0,0,0,0,0,0,0,0,0,0,0,0,0,0,0,0,0,0,0,0,0,0
 "24000","Maryland",2,SAGDP5N,86,"...","  State and local","Thousands of dollars",-275370,-211691,-210881,-203733,-214536,-254973,-281216,-305129,-308552,-323080,-326116,-319480,-395555,-404651,-423302,-426080,-425338,-456883,-465921,-481808,-453098,-489556,-497166
 "24000","Maryland",2,SAGDP5N,87,"11, 21","Natural resources and mining","Thousands of dollars",-16529,-32549,-58948,-89769,-77598,-42221,-57304,-44722,-73160,-57621,-37066,-48527,-44915,-46104,-34845,-46285,-35272,-20551,-21212,-37187,-47688,-33860,-106450
 "24000","Maryland",2,SAGDP5N,88,"42, 44-45","Trade","Thousands of dollars",0,0,0,0,0,0,0,0,0,0,0,0,-55447,-5965,-56,0,0,0,0,0,0,0,0
 "24000","Maryland",2,SAGDP5N,89,"...","Transportation and utilities","Thousands of dollars",-41654,-32562,-39609,-42065,-100386,-59506,-82539,-65339,-67693,-64397,-57008,-67565,-85366,-99266,-76307,-69416,-64703,-60420,-61046,-66126,-77062,-87512,-86307
 "24000","Maryland",2,SAGDP5N,90,"...","Manufacturing and information","Thousands of dollars",0,0,0,0,0,0,0,0,0,-86,-39,-677,-2604,-6998,-18829,-22120,-12170,-4022,-3687,-1220,-1562,-1423,-1464
 "24000","Maryland",2,SAGDP5N,91,"...","Private goods-producing industries 2/","Thousands of dollars",-16529,-32549,-58948,-89769,-77598,-42221,-57304,-44722,-73160,-57707,-37105,-49204,-46535,-50147,-40896,-50296,-37522,-22223,-22623,-38528,-48999,-35171,-107781
 "24000","Maryland",2,SAGDP5N,92,"...","Private services-providing industries 3/","Thousands of dollars",-315911,-323860,-337243,-332130,-389913,-369456,-449463,-470621,-604173,-552984,-654925,-590534,-664153,-629645,-702995,-663936,-659019,-628800,-592244,-612773,-610722,-595678,-591009
"Note: See the included footnote file."
"SAGDP5N: Subsidies 1/"
"Last updated: October 2, 2020-- new statistics for 2018-2019; revised statistics for 1997-2017."
"Source: U.S. Department of Commerce / Bureau of Economic Analysis / Regional Economic Accounts"
