GeoFIPS,GeoName,Region,TableName,LineCode,IndustryClassification,Description,Unit,1997,1998,1999,2000,2001,2002,2003,2004,2005,2006,2007,2008,2009,2010,2011,2012,2013,2014,2015,2016,2017,2018,2019
 "11000","District of Columbia",2,SAGDP2N,1,"...","All industry total","Millions of current dollars",52483.3,54780.2,58751.3,61033.2,65518.4,70072.6,74178.3,80557.4,85349.2,88580.5,94036.8,99532.3,100916.9,106097.8,109998.8,112610.0,115021.1,119722.8,124853.7,129477.1,132853.6,138773.5,143389.3
 "11000","District of Columbia",2,SAGDP2N,2,"..."," Private industries","Millions of current dollars",31810.6,34131.5,37055.2,39143.9,42198.7,44752.8,47439.9,52324.0,55195.8,58014.0,62515.1,66086.0,65190.3,67742.1,70655.6,73318.6,75606.7,79200.7,83488.1,86761.1,89105.4,92839.3,96766.5
 "11000","District of Columbia",2,SAGDP2N,3,"11","  Agriculture, forestry, fishing and hunting","Millions of current dollars",0.7,0.9,0.9,1.0,0.7,0.6,0.6,0.6,0.5,0.7,0.3,0.1,0.1,0.3,0.3,0.4,0.4,0.4,0.5,0.9,1.4,1.3,1.4
 "11000","District of Columbia",2,SAGDP2N,4,"111-112","   Farms","Millions of current dollars",0.0,0.0,0.0,0.0,0.0,0.0,0.0,0.0,0.0,0.0,0.0,0.0,0.0,0.0,0.0,0.0,0.0,0.0,0.0,0.0,0.0,0.0,0.0
 "11000","District of Columbia",2,SAGDP2N,5,"113-115","   Forestry, fishing, and related activities","Millions of current dollars",0.7,0.9,0.9,1.0,0.7,0.6,0.6,0.6,0.5,0.7,0.3,0.1,0.1,0.3,0.3,0.4,0.4,0.4,0.5,0.9,1.4,1.3,1.4
 "11000","District of Columbia",2,SAGDP2N,6,"21","  Mining, quarrying, and oil and gas extraction","Millions of current dollars",12.9,13.9,17.4,21.4,17.9,17.9,11.9,5.1,0.0,0.0,0.0,0.0,0.0,0.0,0.0,0.0,0.0,0.0,0.0,0.0,0.0,0.0,0.0
 "11000","District of Columbia",2,SAGDP2N,7,"211","   Oil and gas extraction","Millions of current dollars",8.8,11.4,13.1,18.0,14.0,16.8,11.3,5.1,0.0,0.0,0.0,0.0,0.0,0.0,0.0,0.0,0.0,0.0,0.0,0.0,0.0,0.0,0.0
 "11000","District of Columbia",2,SAGDP2N,8,"212","   Mining (except oil and gas)","Millions of current dollars",4.1,2.5,3.0,2.1,2.5,0.4,0.0,0.0,0.0,0.0,0.0,0.0,0.0,0.0,0.0,0.0,0.0,0.0,0.0,0.0,0.0,0.0,0.0
 "11000","District of Columbia",2,SAGDP2N,9,"213","   Support activities for mining","Millions of current dollars",0.0,0.0,1.3,1.3,1.4,0.7,0.6,0.0,0.0,0.0,0.0,0.0,0.0,0.0,0.0,0.0,0.0,0.0,0.0,0.0,0.0,0.0,0.0
 "11000","District of Columbia",2,SAGDP2N,10,"22","  Utilities","Millions of current dollars",607.4,608.8,705.3,763.8,759.0,757.2,821.0,879.1,1002.1,1108.4,1204.7,1261.8,1439.4,1501.4,1368.2,1209.4,1202.3,1209.6,1224.9,1211.7,1245.9,1428.3,1434.4
 "11000","District of Columbia",2,SAGDP2N,11,"23","  Construction","Millions of current dollars",446.4,511.6,571.9,714.3,818.7,991.8,1022.4,1060.4,1073.8,1052.6,1052.9,1093.5,995.4,959.7,1094.5,1359.0,1430.2,1470.1,1449.8,1418.9,1611.0,1712.7,1675.9
 "11000","District of Columbia",2,SAGDP2N,12,"31-33","  Manufacturing","Millions of current dollars",290.8,307.2,272.5,282.3,297.5,283.0,293.9,328.1,286.1,265.5,263.7,251.2,251.9,239.8,281.8,229.7,241.6,215.3,249.4,278.4,301.5,309.8,304.8
 "11000","District of Columbia",2,SAGDP2N,13,"321,327-339","   Durable goods manufacturing","Millions of current dollars",111.8,119.3,120.6,122.8,113.7,135.5,131.9,153.3,124.4,108.4,88.9,80.6,80.5,69.5,67.2,69.8,85.9,87.3,109.4,134.4,144.9,157.3,149.0
 "11000","District of Columbia",2,SAGDP2N,14,"321","    Wood product manufacturing","Millions of current dollars",0.8,2.1,1.9,0.6,0.6,0.6,1.2,1.8,0.7,1.3,0.3,0.3,0.5,0.4,0.7,1.5,1.4,0.9,0.7,0.5,0.3,0.7,0.7
 "11000","District of Columbia",2,SAGDP2N,15,"327","    Nonmetallic mineral product manufacturing","Millions of current dollars",9.2,8.0,7.3,8.2,7.8,8.7,10.1,11.6,13.5,11.9,11.7,12.5,12.6,10.0,11.7,14.6,22.5,30.8,36.9,42.3,40.1,34.5,35.1
 "11000","District of Columbia",2,SAGDP2N,16,"331","    Primary metal manufacturing","Millions of current dollars",2.0,2.4,2.3,2.6,3.1,3.2,3.6,7.1,5.2,6.1,5.9,4.7,4.3,1.7,1.8,2.2,2.3,1.2,2.8,1.2,6.4,12.2,10.3
 "11000","District of Columbia",2,SAGDP2N,17,"332","    Fabricated metal product manufacturing","Millions of current dollars",7.0,8.6,9.1,8.7,2.0,8.4,8.3,8.6,6.8,7.5,10.7,11.3,11.7,10.5,9.0,10.4,8.7,7.1,8.4,7.6,7.6,9.8,8.5
 "11000","District of Columbia",2,SAGDP2N,18,"333","    Machinery manufacturing","Millions of current dollars",2.9,5.5,5.5,5.9,6.4,7.8,5.6,4.7,3.8,3.8,3.4,1.5,1.7,0.6,0.8,1.4,3.8,2.8,3.7,7.4,10.2,10.1,8.6
 "11000","District of Columbia",2,SAGDP2N,19,"334","    Computer and electronic product manufacturing","Millions of current dollars",45.8,49.6,48.5,46.2,64.6,76.0,72.5,85.6,70.1,46.4,39.2,33.2,34.6,31.6,26.0,23.2,30.0,30.4,35.4,39.5,51.7,55.9,49.8
 "11000","District of Columbia",2,SAGDP2N,20,"335","    Electrical equipment, appliance, and component manufacturing","Millions of current dollars",3.2,2.8,2.9,2.9,3.6,0.4,1.1,1.8,1.6,1.1,0.4,0.5,0.2,0.3,0.9,0.4,0.7,0.3,0.5,1.1,2.8,2.2,1.2
 "11000","District of Columbia",2,SAGDP2N,21,"3361-3363","    Motor vehicles, bodies and trailers, and parts manufacturing","Millions of current dollars",8.2,10.3,13.2,16.9,0.1,0.3,0.2,0.7,1.0,(L),0.1,(L),0.0,0.0,(L),0.1,0.1,0.0,0.0,0.0,0.0,0.0,0.0
 "11000","District of Columbia",2,SAGDP2N,22,"3364-3369","    Other transportation equipment manufacturing","Millions of current dollars",4.5,4.1,5.0,5.8,6.2,11.4,11.1,12.4,8.0,15.7,3.7,2.9,0.0,0.0,0.0,0.0,0.0,0.0,1.8,7.1,9.2,8.1,9.1
 "11000","District of Columbia",2,SAGDP2N,23,"337","    Furniture and related product manufacturing","Millions of current dollars",6.9,7.9,8.8,9.1,8.6,7.9,7.9,8.2,8.9,9.4,9.4,8.2,9.3,8.9,11.7,11.6,9.8,7.5,12.7,15.0,9.9,10.1,10.3
 "11000","District of Columbia",2,SAGDP2N,24,"339","    Miscellaneous manufacturing","Millions of current dollars",21.1,18.0,16.0,16.0,10.7,10.8,10.3,10.7,4.9,5.1,4.2,5.5,5.7,5.4,4.7,4.6,6.6,6.4,6.4,12.7,6.7,13.8,15.4
 "11000","District of Columbia",2,SAGDP2N,25,"311-316,322-326","   Nondurable goods manufacturing","Millions of current dollars",179.0,187.9,152.0,159.5,183.8,147.5,162.0,174.8,161.7,157.1,174.8,170.5,171.4,170.3,214.6,159.9,155.7,128.0,140.0,144.0,156.6,152.5,155.8
 "11000","District of Columbia",2,SAGDP2N,26,"311-312","    Food and beverage and tobacco product manufacturing","Millions of current dollars",25.2,23.9,31.1,31.6,22.8,25.0,24.3,25.2,22.5,13.2,11.7,11.2,11.8,12.5,21.1,27.8,25.2,22.7,33.0,36.5,50.2,53.8,61.2
 "11000","District of Columbia",2,SAGDP2N,27,"313-314","    Textile mills and textile product mills","Millions of current dollars",5.4,5.1,5.0,5.3,2.3,2.5,1.8,2.4,2.2,2.4,2.6,3.2,2.7,2.0,1.2,1.8,1.8,2.3,3.2,3.4,4.4,4.9,5.1
 "11000","District of Columbia",2,SAGDP2N,28,"315-316","    Apparel, leather, and allied product manufacturing","Millions of current dollars",1.8,1.5,1.0,1.5,0.6,0.8,0.8,0.6,0.7,0.6,0.7,0.8,0.9,1.0,1.3,1.6,1.7,1.9,2.6,2.0,2.1,2.1,2.5
 "11000","District of Columbia",2,SAGDP2N,29,"322","    Paper manufacturing","Millions of current dollars",0.8,1.0,0.9,1.0,0.9,1.0,0.8,0.4,0.3,0.3,0.2,0.1,0.2,0.2,0.2,0.2,0.3,0.3,0.3,0.3,0.3,0.3,0.3
 "11000","District of Columbia",2,SAGDP2N,30,"323","    Printing and related support activities","Millions of current dollars",60.7,66.4,36.7,39.1,41.3,37.0,38.7,41.7,43.4,44.6,47.6,50.8,44.5,39.6,28.5,30.2,32.3,31.2,32.4,34.6,31.0,28.2,21.6
 "11000","District of Columbia",2,SAGDP2N,31,"324","    Petroleum and coal products manufacturing","Millions of current dollars",19.3,20.5,12.5,18.6,37.5,20.5,28.0,57.6,47.1,49.7,59.0,45.1,34.5,49.2,72.1,1.4,0.1,0.6,0.9,(L),(L),0.1,0.1
 "11000","District of Columbia",2,SAGDP2N,32,"325","    Chemical manufacturing","Millions of current dollars",64.6,68.7,64.1,62.6,77.9,60.2,66.8,46.6,45.4,46.3,52.9,59.2,76.6,65.7,90.1,96.7,94.2,68.8,67.2,67.0,68.1,62.7,64.7
 "11000","District of Columbia",2,SAGDP2N,33,"326","    Plastics and rubber products manufacturing","Millions of current dollars",1.2,0.8,0.7,(L),0.6,0.6,0.8,0.1,0.1,0.1,0.2,0.2,0.2,0.2,0.2,0.2,0.2,0.2,0.3,0.3,0.4,0.4,0.4
 "11000","District of Columbia",2,SAGDP2N,34,"42","  Wholesale trade","Millions of current dollars",584.2,580.0,630.3,619.4,575.0,565.3,648.9,687.5,738.1,758.6,816.9,861.1,843.8,937.0,955.7,1084.8,1112.7,1187.8,1234.2,1211.5,1247.0,1250.5,1448.8
 "11000","District of Columbia",2,SAGDP2N,35,"44-45","  Retail trade","Millions of current dollars",726.3,776.3,792.7,788.9,802.1,830.2,909.0,949.6,1004.6,1050.8,1070.8,1056.7,1036.9,1153.9,1182.2,1233.9,1285.3,1364.4,1445.7,1554.9,1592.4,1645.0,1709.2
 "11000","District of Columbia",2,SAGDP2N,36,"48-49","  Transportation and warehousing","Millions of current dollars",272.6,311.4,327.6,353.0,406.4,298.7,320.6,313.6,293.6,306.4,326.7,411.0,383.2,386.6,386.9,429.5,386.0,408.1,527.0,526.0,459.5,407.4,397.9
 "11000","District of Columbia",2,SAGDP2N,37,"481","   Air transportation","Millions of current dollars",36.3,51.4,54.4,31.4,31.2,22.8,23.3,21.3,22.8,20.5,28.2,40.2,28.7,31.5,33.6,34.0,35.5,44.3,64.4,84.0,38.8,19.4,23.4
 "11000","District of Columbia",2,SAGDP2N,38,"482","   Rail transportation","Millions of current dollars",77.0,82.5,84.0,95.8,154.2,82.0,107.2,104.3,83.4,87.4,112.9,176.0,157.2,138.8,106.6,132.7,93.9,100.9,122.7,105.9,71.0,33.9,41.7
 "11000","District of Columbia",2,SAGDP2N,39,"483","   Water transportation","Millions of current dollars",11.0,10.9,11.2,12.6,14.2,11.3,13.7,14.9,14.2,17.7,15.6,17.9,21.0,15.8,12.8,7.7,15.6,2.9,10.0,3.5,3.3,3.6,4.2
 "11000","District of Columbia",2,SAGDP2N,40,"484","   Truck transportation","Millions of current dollars",15.2,14.7,15.5,15.2,15.4,16.5,16.7,14.8,15.1,16.6,16.4,15.5,16.1,20.1,17.3,15.2,15.2,13.6,41.9,43.8,40.7,47.2,13.3
 "11000","District of Columbia",2,SAGDP2N,41,"485","   Transit and ground passenger transportation","Millions of current dollars",52.9,59.8,68.4,95.1,68.5,65.1,70.8,71.6,75.4,84.3,86.0,85.0,86.0,87.6,105.1,120.1,124.1,137.8,145.2,153.8,168.6,163.5,178.2
 "11000","District of Columbia",2,SAGDP2N,42,"486","   Pipeline transportation","Millions of current dollars",2.1,4.4,3.3,2.4,22.1,8.6,6.1,2.0,0.4,0.5,1.5,2.0,2.1,10.8,27.4,41.0,12.4,10.7,21.6,13.9,3.0,3.3,3.6
 "11000","District of Columbia",2,SAGDP2N,43,"487-488, 492","   Other transportation and support activities","Millions of current dollars",67.1,71.0,73.8,80.9,78.5,69.3,70.3,71.4,68.1,69.1,59.6,73.4,71.0,81.2,83.3,77.7,88.1,95.4,118.1,119.4,132.2,134.7,130.8
 "11000","District of Columbia",2,SAGDP2N,44,"493","   Warehousing and storage","Millions of current dollars",11.0,16.6,17.1,19.7,22.3,23.1,12.5,13.2,14.2,10.3,6.6,1.0,1.0,0.8,0.8,1.0,1.2,2.5,3.1,1.8,2.0,1.8,2.7
 "11000","District of Columbia",2,SAGDP2N,45,"51","  Information","Millions of current dollars",3777.6,3700.7,4127.3,3568.4,4004.7,4786.5,5108.8,5696.3,6225.8,5919.3,6309.7,6329.7,6100.8,6189.4,6198.5,5697.2,6277.0,6063.6,6344.6,6645.7,7081.5,7670.8,8317.2
 "11000","District of Columbia",2,SAGDP2N,46,"511","   Publishing industries (except Internet)","Millions of current dollars",1133.5,1144.9,1473.7,1120.1,1285.0,1686.7,1818.2,1997.5,2306.2,2013.8,2271.0,1881.9,1777.6,1698.2,1822.5,1765.2,1754.9,1571.4,1514.4,1617.9,1912.9,2071.1,2244.8
 "11000","District of Columbia",2,SAGDP2N,47,"512","   Motion picture and sound recording industries","Millions of current dollars",135.9,157.4,193.3,206.1,272.1,278.2,319.5,295.8,200.3,213.5,252.8,265.2,289.4,321.1,283.5,283.1,267.8,248.9,232.2,205.1,182.9,171.8,195.4
 "11000","District of Columbia",2,SAGDP2N,48,"515, 517","   Broadcasting (except Internet) and telecommunications","Millions of current dollars",2182.1,2026.7,2170.7,2031.6,2020.2,2127.7,2222.0,2398.3,2802.9,2627.3,3170.6,3312.2,3170.6,3100.9,2984.3,2730.4,3291.6,3165.8,3440.0,3525.5,3603.3,3812.3,4005.5
 "11000","District of Columbia",2,SAGDP2N,49,"518, 519","   Data processing, hosting, and other information services","Millions of current dollars",326.1,371.7,289.7,210.6,427.5,693.9,749.1,1004.6,916.5,1064.8,615.3,870.4,863.2,1069.1,1108.1,918.5,962.8,1077.5,1157.9,1297.2,1382.4,1615.5,1871.5
 "11000","District of Columbia",2,SAGDP2N,50,"52, 53","  Finance, insurance, real estate, rental, and leasing","Millions of current dollars",6012.5,6520.6,7106.7,7662.5,8149.6,8102.5,8379.2,9332.5,9684.7,10487.9,11407.8,11082.3,10802.1,11695.5,12449.3,13563.6,14003.4,15257.6,16133.2,16715.7,16940.0,17412.3,17929.8
 "11000","District of Columbia",2,SAGDP2N,51,"52","   Finance and insurance","Millions of current dollars",2339.1,2747.3,2981.2,3173.5,3319.4,3074.3,2982.8,3354.2,3280.5,3655.3,4159.7,3512.8,3184.1,3473.9,3593.2,3974.8,4090.6,4548.6,5007.5,5389.1,5539.3,6304.9,6376.6
 "11000","District of Columbia",2,SAGDP2N,52,"521-522","    Monetary Authorities- central bank, credit intermediation, and related services","Millions of current dollars",776.7,901.0,1002.3,1122.2,1170.3,1211.9,1326.2,1492.3,1299.7,1568.6,2081.6,1754.4,1338.7,1436.3,1583.6,1711.0,1690.6,1872.1,1973.0,2105.4,2173.8,2371.2,2429.0
 "11000","District of Columbia",2,SAGDP2N,53,"523","    Securities, commodity contracts, and other financial investments and related activities","Millions of current dollars",730.4,725.4,791.1,860.0,887.7,747.1,703.0,717.3,925.4,973.4,838.4,587.8,813.3,899.2,816.7,1089.4,1200.8,1065.3,1066.2,1307.4,1397.9,1591.8,1583.9
 "11000","District of Columbia",2,SAGDP2N,54,"524","    Insurance carriers and related activities","Millions of current dollars",612.0,668.8,610.1,725.3,690.9,660.1,704.4,776.7,790.9,876.8,1050.5,986.3,973.4,1050.8,1165.6,1150.2,1102.2,1480.4,1772.4,1740.7,1611.0,1894.5,1858.3
 "11000","District of Columbia",2,SAGDP2N,55,"525","    Funds, trusts, and other financial vehicles","Millions of current dollars",219.9,452.1,577.8,466.1,570.6,455.1,249.2,367.9,264.5,236.4,189.2,184.3,58.7,87.6,27.3,24.1,97.0,130.7,195.8,235.7,356.6,447.5,505.4
 "11000","District of Columbia",2,SAGDP2N,56,"53","   Real estate and rental and leasing","Millions of current dollars",3673.3,3773.3,4125.4,4489.0,4830.2,5028.3,5396.4,5978.3,6404.2,6832.6,7248.0,7569.5,7618.0,8221.6,8856.2,9588.8,9912.7,10709.1,11125.8,11326.6,11400.7,11107.4,11553.2
 "11000","District of Columbia",2,SAGDP2N,57,"531","    Real estate","Millions of current dollars",3523.4,3617.4,3950.2,4277.2,4633.1,4831.7,5171.1,5743.1,6137.4,6538.7,6976.7,7297.4,7345.6,7973.3,8644.6,9376.1,9698.9,10502.5,10937.8,11141.9,11219.6,10893.4,11298.0
 "11000","District of Columbia",2,SAGDP2N,58,"532-533","    Rental and leasing services and lessors of nonfinancial intangible assets","Millions of current dollars",149.9,155.8,175.3,211.8,197.1,196.5,225.3,235.2,266.8,293.9,271.3,272.1,272.4,248.3,211.5,212.8,213.8,206.6,187.9,184.7,181.0,214.0,255.2
 "11000","District of Columbia",2,SAGDP2N,59,"54, 55, 56","  Professional and business services","Millions of current dollars",9923.0,11108.6,12140.1,13254.0,14481.4,15459.6,16628.0,18640.3,19753.2,21204.2,23114.5,25589.7,24453.7,25072.5,26458.5,27378.4,27499.5,28715.6,30392.1,31783.2,32464.6,33347.5,34743.7
 "11000","District of Columbia",2,SAGDP2N,60,"54","   Professional, scientific, and technical services","Millions of current dollars",8575.0,9643.2,10572.7,11302.9,12439.7,13419.1,14522.4,16424.1,17247.9,18504.4,20134.9,22500.8,21439.4,21816.4,22936.7,23741.9,23807.8,24828.6,26187.2,27717.4,28209.1,29064.3,30260.6
 "11000","District of Columbia",2,SAGDP2N,61,"5411","    Legal services","Millions of current dollars",4236.8,4773.2,5228.8,5758.1,6318.8,6555.4,7302.3,8315.9,8361.5,8934.2,10161.3,11758.3,10547.8,10015.9,10606.4,10328.9,10254.3,10672.9,11470.7,12405.0,12105.4,12239.8,12621.8
 "11000","District of Columbia",2,SAGDP2N,62,"5415","    Computer systems design and related services","Millions of current dollars",398.5,441.9,585.2,586.6,666.1,857.8,1048.2,1246.9,1527.0,1705.4,1721.4,1921.7,2203.6,2414.2,2636.3,2777.4,2708.4,2897.0,3115.5,3260.7,3449.0,3590.7,3761.9
 "11000","District of Columbia",2,SAGDP2N,63,"5412-5414, 5416-5419","    Miscellaneous professional, scientific, and technical services","Millions of current dollars",3939.7,4428.1,4758.6,4958.2,5454.8,6005.9,6171.9,6861.4,7359.5,7864.8,8252.2,8820.8,8688.1,9386.3,9693.9,10635.7,10845.0,11258.7,11601.0,12051.7,12654.7,13233.8,13877.0
 "11000","District of Columbia",2,SAGDP2N,64,"55","   Management of companies and enterprises","Millions of current dollars",235.3,290.9,299.1,432.1,424.0,399.4,295.2,290.7,327.3,384.5,485.4,440.2,463.7,593.3,541.6,615.0,587.7,651.8,813.1,701.9,771.7,835.9,889.0
 "11000","District of Columbia",2,SAGDP2N,65,"56","   Administrative and support and waste management and remediation services","Millions of current dollars",1112.7,1174.6,1268.3,1519.0,1617.8,1641.1,1810.3,1925.5,2178.0,2315.3,2494.2,2648.7,2550.6,2662.7,2980.2,3021.5,3104.0,3235.1,3391.7,3363.9,3483.8,3447.3,3594.0
 "11000","District of Columbia",2,SAGDP2N,66,"561","    Administrative and support services","Millions of current dollars",1085.3,1146.9,1240.2,1491.2,1591.5,1604.3,1761.0,1887.2,2139.7,2282.3,2463.9,2617.5,2519.2,2613.3,2926.6,2982.9,3069.0,3198.2,3361.2,3322.6,3437.9,3400.9,3542.7
 "11000","District of Columbia",2,SAGDP2N,67,"562","    Waste management and remediation services","Millions of current dollars",27.4,27.7,28.0,27.8,26.3,36.8,49.3,38.4,38.3,33.0,30.2,31.2,31.4,49.4,53.6,38.6,35.0,36.9,30.6,41.3,45.8,46.4,51.3
 "11000","District of Columbia",2,SAGDP2N,68,"61, 62","  Educational services, health care, and social assistance","Millions of current dollars",3914.5,4095.3,4335.2,4502.2,4828.1,5178.0,5660.3,6124.2,6247.4,6551.6,6952.8,7545.6,8177.9,8583.0,8917.3,9027.8,9506.3,10014.1,10375.3,10845.2,10911.7,11283.3,11663.4
 "11000","District of Columbia",2,SAGDP2N,69,"61","   Educational services","Millions of current dollars",1737.0,1878.6,1996.8,1970.8,1929.3,2052.0,2347.0,2608.6,2627.1,2761.8,2859.9,3184.6,3576.1,3688.0,3805.1,3864.2,4211.9,4396.3,4489.1,4702.1,4615.9,4742.5,4906.0
 "11000","District of Columbia",2,SAGDP2N,70,"62","   Health care and social assistance","Millions of current dollars",2177.5,2216.7,2338.4,2531.4,2898.8,3126.0,3313.3,3515.6,3620.3,3789.8,4092.9,4361.0,4601.8,4895.0,5112.2,5163.6,5294.4,5617.8,5886.2,6143.1,6295.7,6540.8,6757.3
 "11000","District of Columbia",2,SAGDP2N,71,"621","    Ambulatory health care services","Millions of current dollars",616.7,632.7,652.8,723.8,867.3,916.7,933.8,957.0,992.0,1032.4,1142.7,1223.9,1295.7,1372.7,1502.7,1500.7,1401.1,1508.2,1629.2,1801.3,1883.1,2004.8,2087.3
 "11000","District of Columbia",2,SAGDP2N,72,"622","    Hospitals","Millions of current dollars",1135.2,1130.0,1171.6,1240.4,1409.4,1514.2,1599.9,1695.6,1760.1,1879.8,2013.5,2186.1,2333.4,2491.5,2580.6,2617.8,2789.2,2965.3,3112.6,3193.5,3249.4,3287.3,3355.2
 "11000","District of Columbia",2,SAGDP2N,73,"623","    Nursing and residential care facilities","Millions of current dollars",184.6,188.5,202.6,219.7,224.7,247.7,275.4,289.1,289.5,280.0,287.2,299.3,331.7,373.6,366.2,388.3,387.5,404.2,383.0,372.2,388.5,408.0,422.2
 "11000","District of Columbia",2,SAGDP2N,74,"624","    Social assistance","Millions of current dollars",240.9,265.5,311.5,347.4,397.4,447.4,504.1,573.9,578.7,597.6,649.4,651.7,641.0,657.3,662.7,656.9,716.6,740.1,761.5,776.1,774.7,840.7,892.7
 "11000","District of Columbia",2,SAGDP2N,75,"71, 72","  Arts, entertainment, recreation, accommodation, and food services","Millions of current dollars",1923.1,2035.3,2284.0,2583.3,2701.0,2814.9,2936.7,3203.0,3440.5,3541.2,3727.8,3819.1,3809.4,4079.3,4069.1,4536.8,4767.5,4988.3,5393.0,5496.7,5858.5,6318.0,6684.0
 "11000","District of Columbia",2,SAGDP2N,76,"71","   Arts, entertainment, and recreation","Millions of current dollars",322.4,401.9,420.6,490.8,615.1,666.4,693.6,739.1,781.8,781.6,690.4,820.9,844.1,906.5,785.0,919.1,887.6,969.7,1023.5,1066.8,1259.7,1334.2,1375.6
 "11000","District of Columbia",2,SAGDP2N,77,"711-712","    Performing arts, spectator sports, museums, and related activities","Millions of current dollars",274.5,349.8,349.5,396.8,548.2,593.1,624.7,661.9,698.7,695.1,614.5,729.7,749.5,810.0,689.6,821.5,792.5,859.4,890.3,923.4,1107.2,1176.1,1197.0
 "11000","District of Columbia",2,SAGDP2N,78,"713","    Amusement, gambling, and recreation industries","Millions of current dollars",47.9,52.1,71.1,94.0,66.9,73.3,68.9,77.2,83.1,86.5,75.9,91.2,94.6,96.5,95.4,97.6,95.0,110.3,133.2,143.4,152.4,158.1,178.6
 "11000","District of Columbia",2,SAGDP2N,79,"72","   Accommodation and food services","Millions of current dollars",1600.7,1633.3,1863.3,2092.5,2085.8,2148.5,2243.1,2463.9,2658.6,2759.5,3037.4,2998.2,2965.2,3172.8,3284.1,3617.6,3879.9,4018.7,4369.5,4429.9,4598.8,4983.8,5308.4
 "11000","District of Columbia",2,SAGDP2N,80,"721","    Accommodation","Millions of current dollars",895.4,866.5,991.7,1130.2,1077.3,1079.5,1093.9,1290.1,1389.9,1433.8,1618.2,1512.0,1414.7,1520.2,1565.0,1726.5,1820.5,1784.0,1864.9,1822.4,1890.9,2101.8,2255.0
 "11000","District of Columbia",2,SAGDP2N,81,"722","    Food services and drinking places","Millions of current dollars",705.3,766.8,871.7,962.3,1008.5,1069.0,1149.2,1173.8,1268.7,1325.8,1419.2,1486.2,1550.5,1652.6,1719.1,1891.2,2059.5,2234.6,2504.6,2607.5,2707.9,2881.9,3053.4
 "11000","District of Columbia",2,SAGDP2N,82,"81","  Other services (except government and government enterprises)","Millions of current dollars",3318.6,3560.9,3743.3,4029.6,4356.6,4666.4,4698.7,5103.8,5445.3,5766.8,6266.6,6784.3,6895.8,6943.8,7293.2,7567.9,7894.4,8305.7,8718.3,9072.3,9390.5,10052.2,10456.2
 "11000","District of Columbia",2,SAGDP2N,83,"..."," Government and government enterprises","Millions of current dollars",20672.7,20648.7,21696.0,21889.3,23319.7,25319.9,26738.4,28233.4,30153.4,30566.5,31521.7,33446.2,35726.6,38355.7,39343.2,39291.4,39414.4,40522.1,41365.6,42716.0,43748.2,45934.2,46622.8
 "11000","District of Columbia",2,SAGDP2N,84,"...","  Federal civilian","Millions of current dollars",16340.6,16271.2,17294.0,17424.4,18681.0,20374.3,21626.2,23018.7,24358.4,25134.6,25993.2,27465.2,29326.4,31740.5,32884.0,32893.5,32863.1,33786.0,34469.9,35773.0,36678.4,38129.4,38558.5
 "11000","District of Columbia",2,SAGDP2N,85,"...","  Military","Millions of current dollars",2373.0,2393.1,2414.2,2505.7,2582.4,2749.7,2942.4,3079.9,3204.6,3190.2,3247.5,3600.1,3872.6,3960.8,3817.5,3460.3,3519.8,3662.3,3649.2,3570.5,3531.3,3688.9,3935.9
 "11000","District of Columbia",2,SAGDP2N,86,"...","  State and local","Millions of current dollars",1959.1,1984.4,1987.8,1959.1,2056.3,2195.8,2169.8,2134.8,2590.5,2241.7,2281.0,2381.0,2527.6,2654.4,2641.7,2937.6,3031.5,3073.8,3246.5,3372.5,3538.6,4115.9,4128.4
 "11000","District of Columbia",2,SAGDP2N,87,"11, 21","Natural resources and mining","Millions of current dollars",13.6,14.9,18.3,22.4,18.7,18.6,12.5,5.7,0.5,0.7,0.3,0.1,0.1,0.3,0.3,0.4,0.4,0.4,0.5,0.9,1.4,1.3,1.4
 "11000","District of Columbia",2,SAGDP2N,88,"42, 44-45","Trade","Millions of current dollars",1310.5,1356.3,1423.0,1408.3,1377.1,1395.6,1557.9,1637.1,1742.7,1809.4,1887.8,1917.8,1880.7,2091.0,2138.0,2318.8,2398.0,2552.1,2679.9,2766.4,2839.4,2895.5,3158.0
 "11000","District of Columbia",2,SAGDP2N,89,"...","Transportation and utilities","Millions of current dollars",880.1,920.1,1032.8,1116.8,1165.4,1055.9,1141.6,1192.6,1295.8,1414.8,1531.4,1672.8,1822.6,1888.0,1755.1,1638.9,1588.4,1617.8,1751.9,1737.7,1705.3,1835.7,1832.3
 "11000","District of Columbia",2,SAGDP2N,90,"...","Manufacturing and information","Millions of current dollars",4068.3,4007.9,4399.9,3850.7,4302.2,5069.5,5402.7,6024.4,6512.0,6184.9,6573.4,6580.8,6352.7,6429.2,6480.3,5926.9,6518.6,6278.9,6594.0,6924.1,7383.0,7980.6,8622.0
 "11000","District of Columbia",2,SAGDP2N,91,"...","Private goods-producing industries 2/","Millions of current dollars",750.8,833.7,862.8,1019.0,1134.8,1293.3,1328.8,1394.2,1360.5,1318.8,1316.9,1344.7,1247.4,1199.8,1376.7,1589.2,1672.2,1685.9,1699.7,1698.2,1913.9,2023.8,1982.1
 "11000","District of Columbia",2,SAGDP2N,92,"...","Private services-providing industries 3/","Millions of current dollars",31059.8,33297.8,36192.4,38124.9,41063.9,43459.5,46111.0,50929.8,53835.3,56695.2,61198.2,64741.3,63942.9,66542.3,69278.9,71729.4,73934.5,77514.8,81788.4,85062.9,87191.5,90815.4,94784.4
"Note: See the included footnote file."
"SAGDP2N: Gross domestic product (GDP) by state 1/"
"Last updated: October 2, 2020-- revised statistics for 1997-2019."
"Source: U.S. Department of Commerce / Bureau of Economic Analysis / Regional Economic Accounts"
