GeoFIPS,GeoName,Region,TableName,LineCode,IndustryClassification,Description,Unit,1997,1998,1999,2000,2001,2002,2003,2004,2005,2006,2007,2008,2009,2010,2011,2012,2013,2014,2015,2016,2017,2018,2019
 "38000","North Dakota",4,SAGDP5N,1,"...","All industry total","Thousands of dollars",-398159,-607987,-946821,-1120321,-987796,-490929,-740542,-597618,-933074,-625173,-641191,-953938,-823178,-1067047,-878441,-864350,-1260747,-934995,-921118,-1181479,-1183448,-1307953,-1682352
 "38000","North Dakota",4,SAGDP5N,2,"..."," Private industries","Thousands of dollars",-323018,-535173,-860952,-1030556,-863502,-352686,-582766,-421731,-742510,-412520,-380519,-460863,-415873,-755480,-442579,-386401,-538386,-217674,-337420,-564545,-529104,-680865,-1067926
 "38000","North Dakota",4,SAGDP5N,3,"11","  Agriculture, forestry, fishing and hunting","Thousands of dollars",-306581,-517795,-842435,-1012576,-841769,-332497,-559146,-398482,-713688,-387135,-350345,-431484,-375919,-716917,-390249,-336927,-486609,-165998,-287488,-516676,-483498,-637824,-1025022
 "38000","North Dakota",4,SAGDP5N,4,"111-112","   Farms","Thousands of dollars",-306581,-517795,-842435,-1012576,-841769,-332497,-559146,-398482,-713688,-387135,-350345,-431484,-375919,-716917,-390249,-336927,-486609,-165998,-287488,-516676,-483498,-637824,-1025022
 "38000","North Dakota",4,SAGDP5N,5,"113-115","   Forestry, fishing, and related activities","Thousands of dollars",0,0,0,0,0,0,0,0,0,0,0,0,0,0,0,0,0,0,0,0,0,0,0
 "38000","North Dakota",4,SAGDP5N,6,"21","  Mining, quarrying, and oil and gas extraction","Thousands of dollars",0,0,0,0,0,0,0,0,0,0,0,0,0,0,0,0,0,0,0,0,0,0,0
 "38000","North Dakota",4,SAGDP5N,7,"211","   Oil and gas extraction","Thousands of dollars",0,0,0,0,0,0,0,0,0,0,0,0,0,0,0,0,0,0,0,0,0,0,0
 "38000","North Dakota",4,SAGDP5N,8,"212","   Mining (except oil and gas)","Thousands of dollars",0,0,0,0,0,0,0,0,0,0,0,0,0,0,0,0,0,0,0,0,0,0,0
 "38000","North Dakota",4,SAGDP5N,9,"213","   Support activities for mining","Thousands of dollars",0,0,0,0,0,0,0,0,0,0,0,0,0,0,0,0,0,0,0,0,0,0,0
 "38000","North Dakota",4,SAGDP5N,10,"22","  Utilities","Thousands of dollars",0,0,0,0,0,0,0,0,0,0,0,0,0,0,0,0,0,0,0,0,0,0,0
 "38000","North Dakota",4,SAGDP5N,11,"23","  Construction","Thousands of dollars",0,0,0,0,0,0,0,0,0,0,0,0,0,0,0,0,0,0,0,0,0,0,0
 "38000","North Dakota",4,SAGDP5N,12,"31-33","  Manufacturing","Thousands of dollars",0,0,0,0,0,0,0,0,0,-4,-2,-23,-77,-285,-265,-414,-141,-351,-94,-82,-83,-93,-93
 "38000","North Dakota",4,SAGDP5N,13,"321,327-339","   Durable goods manufacturing","Thousands of dollars",0,0,0,0,0,0,0,0,0,0,0,-20,-36,-121,-190,-161,-76,-62,-58,-46,-48,-57,-57
 "38000","North Dakota",4,SAGDP5N,14,"321","    Wood product manufacturing","Thousands of dollars",0,0,0,0,0,0,0,0,0,0,0,0,0,0,0,0,0,0,0,0,0,0,0
 "38000","North Dakota",4,SAGDP5N,15,"327","    Nonmetallic mineral product manufacturing","Thousands of dollars",0,0,0,0,0,0,0,0,0,0,0,0,0,0,0,0,0,0,0,0,0,0,0
 "38000","North Dakota",4,SAGDP5N,16,"331","    Primary metal manufacturing","Thousands of dollars",0,0,0,0,0,0,0,0,0,0,0,0,0,0,0,0,0,0,0,0,0,0,0
 "38000","North Dakota",4,SAGDP5N,17,"332","    Fabricated metal product manufacturing","Thousands of dollars",0,0,0,0,0,0,0,0,0,0,0,0,0,0,0,0,0,0,0,0,0,0,0
 "38000","North Dakota",4,SAGDP5N,18,"333","    Machinery manufacturing","Thousands of dollars",0,0,0,0,0,0,0,0,0,0,0,0,0,0,0,0,0,0,0,0,0,0,0
 "38000","North Dakota",4,SAGDP5N,19,"334","    Computer and electronic product manufacturing","Thousands of dollars",0,0,0,0,0,0,0,0,0,0,0,0,0,0,0,0,0,0,0,0,0,0,0
 "38000","North Dakota",4,SAGDP5N,20,"335","    Electrical equipment, appliance, and component manufacturing","Thousands of dollars",0,0,0,0,0,0,0,0,0,0,0,-20,-36,-121,-190,-161,-76,-62,-58,-46,-48,-57,-57
 "38000","North Dakota",4,SAGDP5N,21,"3361-3363","    Motor vehicles, bodies and trailers, and parts manufacturing","Thousands of dollars",0,0,0,0,0,0,0,0,0,0,0,0,0,0,0,0,0,0,0,0,0,0,0
 "38000","North Dakota",4,SAGDP5N,22,"3364-3369","    Other transportation equipment manufacturing","Thousands of dollars",0,0,0,0,0,0,0,0,0,0,0,0,0,0,0,0,0,0,0,0,0,0,0
 "38000","North Dakota",4,SAGDP5N,23,"337","    Furniture and related product manufacturing","Thousands of dollars",0,0,0,0,0,0,0,0,0,0,0,0,0,0,0,0,0,0,0,0,0,0,0
 "38000","North Dakota",4,SAGDP5N,24,"339","    Miscellaneous manufacturing","Thousands of dollars",0,0,0,0,0,0,0,0,0,0,0,0,0,0,0,0,0,0,0,0,0,0,0
 "38000","North Dakota",4,SAGDP5N,25,"311-316,322-326","   Nondurable goods manufacturing","Thousands of dollars",0,0,0,0,0,0,0,0,0,-4,-2,-3,-41,-163,-75,-253,-66,-290,-36,-36,-36,-36,-36
 "38000","North Dakota",4,SAGDP5N,26,"311-312","    Food and beverage and tobacco product manufacturing","Thousands of dollars",0,0,0,0,0,0,0,0,0,0,0,0,0,0,0,0,0,0,0,0,0,0,0
 "38000","North Dakota",4,SAGDP5N,27,"313-314","    Textile mills and textile product mills","Thousands of dollars",0,0,0,0,0,0,0,0,0,-4,-2,-3,-4,-4,-4,-4,-5,-5,-27,-27,-26,-28,-29
 "38000","North Dakota",4,SAGDP5N,28,"315-316","    Apparel, leather, and allied product manufacturing","Thousands of dollars",0,0,0,0,0,0,0,0,0,0,0,0,0,0,0,0,0,0,0,0,0,0,0
 "38000","North Dakota",4,SAGDP5N,29,"322","    Paper manufacturing","Thousands of dollars",0,0,0,0,0,0,0,0,0,0,0,0,0,0,0,0,0,0,0,0,0,0,0
 "38000","North Dakota",4,SAGDP5N,30,"323","    Printing and related support activities","Thousands of dollars",0,0,0,0,0,0,0,0,0,0,0,0,0,0,0,0,0,0,0,0,0,0,0
 "38000","North Dakota",4,SAGDP5N,31,"324","    Petroleum and coal products manufacturing","Thousands of dollars",0,0,0,0,0,0,0,0,0,0,0,0,-32,-156,-44,-241,-42,-256,0,0,0,0,0
 "38000","North Dakota",4,SAGDP5N,32,"325","    Chemical manufacturing","Thousands of dollars",0,0,0,0,0,0,0,0,0,0,0,0,-4,-4,-27,-8,-19,-29,-9,-9,-10,-9,-7
 "38000","North Dakota",4,SAGDP5N,33,"326","    Plastics and rubber products manufacturing","Thousands of dollars",0,0,0,0,0,0,0,0,0,0,0,0,0,0,0,0,0,0,0,0,0,0,0
 "38000","North Dakota",4,SAGDP5N,34,"42","  Wholesale trade","Thousands of dollars",0,0,0,0,0,0,0,0,0,0,0,0,0,0,0,0,0,0,0,0,0,0,0
 "38000","North Dakota",4,SAGDP5N,35,"44-45","  Retail trade","Thousands of dollars",0,0,0,0,0,0,0,0,0,0,0,0,-8081,-908,-9,0,0,0,0,0,0,0,0
 "38000","North Dakota",4,SAGDP5N,36,"48-49","  Transportation and warehousing","Thousands of dollars",-1628,-1632,-1959,-2002,-5187,-2302,-4113,-2959,-3728,-4109,-3628,-4565,-5372,-6573,-4358,-4976,-4885,-4057,-3894,-3554,-3999,-4507,-4284
 "38000","North Dakota",4,SAGDP5N,37,"481","   Air transportation","Thousands of dollars",-14,1,0,-1,-3396,-108,-1699,-11,-41,-63,-63,-95,-115,-138,-159,-175,-158,-148,-162,-165,-161,-153,-194
 "38000","North Dakota",4,SAGDP5N,38,"482","   Rail transportation","Thousands of dollars",-1613,-1632,-1959,-2002,-1791,-2186,-2403,-2873,-3615,-3845,-3495,-4399,-5221,-6435,-4199,-4723,-4727,-3909,-3732,-3388,-3832,-4355,-4090
 "38000","North Dakota",4,SAGDP5N,39,"483","   Water transportation","Thousands of dollars",-1,0,0,0,0,-7,0,0,0,0,-16,0,0,0,0,-77,0,0,0,0,-7,0,0
 "38000","North Dakota",4,SAGDP5N,40,"484","   Truck transportation","Thousands of dollars",0,0,0,0,0,0,-11,-74,-71,-201,-54,-71,-35,0,0,0,0,0,0,0,0,0,0
 "38000","North Dakota",4,SAGDP5N,41,"485","   Transit and ground passenger transportation","Thousands of dollars",0,0,0,0,0,0,0,0,0,0,0,0,0,0,0,0,0,0,0,0,0,0,0
 "38000","North Dakota",4,SAGDP5N,42,"486","   Pipeline transportation","Thousands of dollars",0,0,0,0,0,0,0,0,0,0,0,0,0,0,0,0,0,0,0,0,0,0,0
 "38000","North Dakota",4,SAGDP5N,43,"487-488, 492","   Other transportation and support activities","Thousands of dollars",0,0,0,0,0,0,0,0,0,0,0,0,0,0,0,0,0,0,0,0,0,0,0
 "38000","North Dakota",4,SAGDP5N,44,"493","   Warehousing and storage","Thousands of dollars",0,0,0,0,0,0,0,0,0,0,0,0,0,0,0,0,0,0,0,0,0,0,0
 "38000","North Dakota",4,SAGDP5N,45,"51","  Information","Thousands of dollars",0,0,0,0,0,0,0,0,0,0,0,0,-67,-191,-841,-1204,-658,-166,-172,9,-19,-9,-11
 "38000","North Dakota",4,SAGDP5N,46,"511","   Publishing industries (except Internet)","Thousands of dollars",0,0,0,0,0,0,0,0,0,0,0,0,0,0,0,0,0,0,0,0,0,0,0
 "38000","North Dakota",4,SAGDP5N,47,"512","   Motion picture and sound recording industries","Thousands of dollars",0,0,0,0,0,0,0,0,0,0,0,0,0,0,0,0,0,0,0,0,0,0,0
 "38000","North Dakota",4,SAGDP5N,48,"515, 517","   Broadcasting (except Internet) and telecommunications","Thousands of dollars",0,0,0,0,0,0,0,0,0,0,0,0,-67,-191,-841,-1204,-658,-166,-172,9,-19,-9,-11
 "38000","North Dakota",4,SAGDP5N,49,"518, 519","   Data processing, hosting, and other information services","Thousands of dollars",0,0,0,0,0,0,0,0,0,0,0,0,0,0,0,0,0,0,0,0,0,0,0
 "38000","North Dakota",4,SAGDP5N,50,"52, 53","  Finance, insurance, real estate, rental, and leasing","Thousands of dollars",-14809,-15747,-16558,-15978,-16546,-17888,-19507,-20291,-25094,-21272,-26544,-24791,-26356,-28782,-30896,-33546,-34382,-36009,-38967,-40266,-40088,-38386,-38468
 "38000","North Dakota",4,SAGDP5N,51,"52","   Finance and insurance","Thousands of dollars",-104,-135,-196,-228,-280,-330,-132,-108,-149,-76,-112,-306,-580,-1695,-1852,-2492,-1150,-1534,-1035,-1181,-1078,-1033,-756
 "38000","North Dakota",4,SAGDP5N,52,"521-522","    Monetary Authorities- central bank, credit intermediation, and related services","Thousands of dollars",-104,-135,-196,-228,-280,-330,-132,-108,-149,-76,-112,-306,-580,-1695,-1852,-2492,-1150,-1534,-1035,-1181,-1078,-1033,-756
 "38000","North Dakota",4,SAGDP5N,53,"523","    Securities, commodity contracts, and other financial investments and related activities","Thousands of dollars",0,0,0,0,0,0,0,0,0,0,0,0,0,0,0,0,0,0,0,0,0,0,0
 "38000","North Dakota",4,SAGDP5N,54,"524","    Insurance carriers and related activities","Thousands of dollars",0,0,0,0,0,0,0,0,0,0,0,0,0,0,0,0,0,0,0,0,0,0,0
 "38000","North Dakota",4,SAGDP5N,55,"525","    Funds, trusts, and other financial vehicles","Thousands of dollars",0,0,0,0,0,0,0,0,0,0,0,0,0,0,0,0,0,0,0,0,0,0,0
 "38000","North Dakota",4,SAGDP5N,56,"53","   Real estate and rental and leasing","Thousands of dollars",-14705,-15612,-16361,-15750,-16265,-17558,-19375,-20183,-24945,-21196,-26431,-24484,-25776,-27087,-29044,-31054,-33231,-34475,-37932,-39085,-39010,-37353,-37712
 "38000","North Dakota",4,SAGDP5N,57,"531","    Real estate","Thousands of dollars",-14705,-15612,-16361,-15750,-16265,-17558,-19375,-20183,-24945,-21196,-26431,-24484,-25776,-27087,-29044,-31054,-33231,-34475,-37932,-39085,-39010,-37353,-37712
 "38000","North Dakota",4,SAGDP5N,58,"532-533","    Rental and leasing services and lessors of nonfinancial intangible assets","Thousands of dollars",0,0,0,0,0,0,0,0,0,0,0,0,0,0,0,0,0,0,0,0,0,0,0
 "38000","North Dakota",4,SAGDP5N,59,"54, 55, 56","  Professional and business services","Thousands of dollars",0,0,0,0,0,0,0,0,0,0,0,0,0,0,0,0,0,0,0,0,0,0,0
 "38000","North Dakota",4,SAGDP5N,60,"54","   Professional, scientific, and technical services","Thousands of dollars",0,0,0,0,0,0,0,0,0,0,0,0,0,0,0,0,0,0,0,0,0,0,0
 "38000","North Dakota",4,SAGDP5N,61,"5411","    Legal services","Thousands of dollars",0,0,0,0,0,0,0,0,0,0,0,0,0,0,0,0,0,0,0,0,0,0,0
 "38000","North Dakota",4,SAGDP5N,62,"5415","    Computer systems design and related services","Thousands of dollars",0,0,0,0,0,0,0,0,0,0,0,0,0,0,0,0,0,0,0,0,0,0,0
 "38000","North Dakota",4,SAGDP5N,63,"5412-5414, 5416-5419","    Miscellaneous professional, scientific, and technical services","Thousands of dollars",0,0,0,0,0,0,0,0,0,0,0,0,0,0,0,0,0,0,0,0,0,0,0
 "38000","North Dakota",4,SAGDP5N,64,"55","   Management of companies and enterprises","Thousands of dollars",0,0,0,0,0,0,0,0,0,0,0,0,0,0,0,0,0,0,0,0,0,0,0
 "38000","North Dakota",4,SAGDP5N,65,"56","   Administrative and support and waste management and remediation services","Thousands of dollars",0,0,0,0,0,0,0,0,0,0,0,0,0,0,0,0,0,0,0,0,0,0,0
 "38000","North Dakota",4,SAGDP5N,66,"561","    Administrative and support services","Thousands of dollars",0,0,0,0,0,0,0,0,0,0,0,0,0,0,0,0,0,0,0,0,0,0,0
 "38000","North Dakota",4,SAGDP5N,67,"562","    Waste management and remediation services","Thousands of dollars",0,0,0,0,0,0,0,0,0,0,0,0,0,0,0,0,0,0,0,0,0,0,0
 "38000","North Dakota",4,SAGDP5N,68,"61, 62","  Educational services, health care, and social assistance","Thousands of dollars",0,0,0,0,0,0,0,0,0,0,0,0,0,-1824,-15961,-9334,-11711,-11093,-6805,-3977,-1416,-45,-49
 "38000","North Dakota",4,SAGDP5N,69,"61","   Educational services","Thousands of dollars",0,0,0,0,0,0,0,0,0,0,0,0,0,0,0,0,0,0,0,0,0,0,0
 "38000","North Dakota",4,SAGDP5N,70,"62","   Health care and social assistance","Thousands of dollars",0,0,0,0,0,0,0,0,0,0,0,0,0,-1824,-15961,-9334,-11711,-11093,-6805,-3977,-1416,-45,-49
 "38000","North Dakota",4,SAGDP5N,71,"621","    Ambulatory health care services","Thousands of dollars",0,0,0,0,0,0,0,0,0,0,0,0,0,0,0,0,0,0,0,0,0,0,0
 "38000","North Dakota",4,SAGDP5N,72,"622","    Hospitals","Thousands of dollars",0,0,0,0,0,0,0,0,0,0,0,0,0,-1824,-15961,-9334,-11711,-11093,-6805,-3977,-1416,-45,-49
 "38000","North Dakota",4,SAGDP5N,73,"623","    Nursing and residential care facilities","Thousands of dollars",0,0,0,0,0,0,0,0,0,0,0,0,0,0,0,0,0,0,0,0,0,0,0
 "38000","North Dakota",4,SAGDP5N,74,"624","    Social assistance","Thousands of dollars",0,0,0,0,0,0,0,0,0,0,0,0,0,0,0,0,0,0,0,0,0,0,0
 "38000","North Dakota",4,SAGDP5N,75,"71, 72","  Arts, entertainment, recreation, accommodation, and food services","Thousands of dollars",0,0,0,0,0,0,0,0,0,0,0,0,0,0,0,0,0,0,0,0,0,0,0
 "38000","North Dakota",4,SAGDP5N,76,"71","   Arts, entertainment, and recreation","Thousands of dollars",0,0,0,0,0,0,0,0,0,0,0,0,0,0,0,0,0,0,0,0,0,0,0
 "38000","North Dakota",4,SAGDP5N,77,"711-712","    Performing arts, spectator sports, museums, and related activities","Thousands of dollars",0,0,0,0,0,0,0,0,0,0,0,0,0,0,0,0,0,0,0,0,0,0,0
 "38000","North Dakota",4,SAGDP5N,78,"713","    Amusement, gambling, and recreation industries","Thousands of dollars",0,0,0,0,0,0,0,0,0,0,0,0,0,0,0,0,0,0,0,0,0,0,0
 "38000","North Dakota",4,SAGDP5N,79,"72","   Accommodation and food services","Thousands of dollars",0,0,0,0,0,0,0,0,0,0,0,0,0,0,0,0,0,0,0,0,0,0,0
 "38000","North Dakota",4,SAGDP5N,80,"721","    Accommodation","Thousands of dollars",0,0,0,0,0,0,0,0,0,0,0,0,0,0,0,0,0,0,0,0,0,0,0
 "38000","North Dakota",4,SAGDP5N,81,"722","    Food services and drinking places","Thousands of dollars",0,0,0,0,0,0,0,0,0,0,0,0,0,0,0,0,0,0,0,0,0,0,0
 "38000","North Dakota",4,SAGDP5N,82,"81","  Other services (except government and government enterprises)","Thousands of dollars",0,0,0,0,0,0,0,0,0,0,0,0,0,0,0,0,0,0,0,0,0,0,0
 "38000","North Dakota",4,SAGDP5N,83,"..."," Government and government enterprises","Thousands of dollars",-75141,-72814,-85869,-89765,-124294,-138243,-157776,-175886,-190565,-212653,-260672,-493075,-407306,-311568,-435862,-477949,-722361,-717321,-583699,-616934,-654345,-627088,-614426
 "38000","North Dakota",4,SAGDP5N,84,"...","  Federal civilian","Thousands of dollars",-61667,-57883,-62573,-76840,-112483,-125843,-146092,-165075,-177114,-199910,-247713,-477633,-391124,-293271,-416694,-459547,-704239,-700925,-565374,-595507,-636080,-607436,-594469
 "38000","North Dakota",4,SAGDP5N,85,"...","  Military","Thousands of dollars",0,0,0,0,0,0,0,0,0,0,0,0,0,0,0,0,0,0,0,0,0,0,0
 "38000","North Dakota",4,SAGDP5N,86,"...","  State and local","Thousands of dollars",-13473,-14931,-23296,-12925,-11811,-12401,-11684,-10812,-13450,-12743,-12960,-15442,-16181,-18297,-19168,-18402,-18122,-16396,-18324,-21426,-18265,-19651,-19957
 "38000","North Dakota",4,SAGDP5N,87,"11, 21","Natural resources and mining","Thousands of dollars",-306581,-517795,-842435,-1012576,-841769,-332497,-559146,-398482,-713688,-387135,-350345,-431484,-375919,-716917,-390249,-336927,-486609,-165998,-287488,-516676,-483498,-637824,-1025022
 "38000","North Dakota",4,SAGDP5N,88,"42, 44-45","Trade","Thousands of dollars",0,0,0,0,0,0,0,0,0,0,0,0,-8081,-908,-9,0,0,0,0,0,0,0,0
 "38000","North Dakota",4,SAGDP5N,89,"...","Transportation and utilities","Thousands of dollars",-1628,-1632,-1959,-2002,-5187,-2302,-4113,-2959,-3728,-4109,-3628,-4565,-5372,-6573,-4358,-4976,-4885,-4057,-3894,-3554,-3999,-4507,-4284
 "38000","North Dakota",4,SAGDP5N,90,"...","Manufacturing and information","Thousands of dollars",0,0,0,0,0,0,0,0,0,-4,-2,-23,-144,-475,-1106,-1618,-799,-517,-265,-73,-103,-102,-104
 "38000","North Dakota",4,SAGDP5N,91,"...","Private goods-producing industries 2/","Thousands of dollars",-306581,-517795,-842435,-1012576,-841769,-332497,-559146,-398482,-713688,-387139,-350347,-431507,-375996,-717202,-390514,-337341,-486751,-166349,-287581,-516758,-483581,-637918,-1025116
 "38000","North Dakota",4,SAGDP5N,92,"...","Private services-providing industries 3/","Thousands of dollars",-16437,-17379,-18517,-17980,-21733,-20190,-23620,-23250,-28822,-25381,-30172,-29356,-39877,-38278,-52065,-49060,-51635,-51324,-49838,-47788,-45522,-42947,-42811
"Note: See the included footnote file."
"SAGDP5N: Subsidies 1/"
"Last updated: October 2, 2020-- new statistics for 2018-2019; revised statistics for 1997-2017."
"Source: U.S. Department of Commerce / Bureau of Economic Analysis / Regional Economic Accounts"
