GeoFIPS,GeoName,Region,TableName,LineCode,IndustryClassification,Description,Unit,1997,1998,1999,2000,2001,2002,2003,2004,2005,2006,2007,2008,2009,2010,2011,2012,2013,2014,2015,2016,2017,2018,2019
 "48000","Texas",6,SAGDP5N,1,"...","All industry total","Thousands of dollars",-1819448,-2142050,-3049090,-2774094,-3621046,-2538014,-3280408,-2586900,-3654709,-2970218,-3087608,-2831387,-3510052,-2979307,-3429994,-3332912,-3659689,-3663962,-3311141,-3450796,-3412460,-3540317,-4473290
 "48000","Texas",6,SAGDP5N,2,"..."," Private industries","Thousands of dollars",-1249673,-1592989,-2474296,-2216410,-3022794,-1877872,-2582429,-1849913,-2909772,-2141588,-2250431,-1962711,-2438284,-2003213,-2233953,-2138126,-2292661,-2239124,-2001617,-2110257,-2067717,-2002061,-3016307
 "48000","Texas",6,SAGDP5N,3,"11","  Agriculture, forestry, fishing and hunting","Thousands of dollars",-549966,-852169,-1694083,-1435780,-1793311,-1103296,-1500284,-947214,-1797897,-1287948,-1202639,-1002757,-1196812,-864127,-776924,-690222,-911607,-879213,-748206,-813092,-769628,-733902,-1735667
 "48000","Texas",6,SAGDP5N,4,"111-112","   Farms","Thousands of dollars",-549966,-852169,-1694083,-1435780,-1793311,-1103296,-1500284,-947214,-1797897,-1287948,-1202639,-1002757,-1196812,-864127,-776924,-690222,-911607,-879213,-748206,-813092,-769628,-733902,-1735667
 "48000","Texas",6,SAGDP5N,5,"113-115","   Forestry, fishing, and related activities","Thousands of dollars",0,0,0,0,0,0,0,0,0,0,0,0,0,0,0,0,0,0,0,0,0,0,0
 "48000","Texas",6,SAGDP5N,6,"21","  Mining, quarrying, and oil and gas extraction","Thousands of dollars",0,0,0,0,0,0,0,0,0,0,0,0,0,0,0,0,0,0,0,0,0,0,0
 "48000","Texas",6,SAGDP5N,7,"211","   Oil and gas extraction","Thousands of dollars",0,0,0,0,0,0,0,0,0,0,0,0,0,0,0,0,0,0,0,0,0,0,0
 "48000","Texas",6,SAGDP5N,8,"212","   Mining (except oil and gas)","Thousands of dollars",0,0,0,0,0,0,0,0,0,0,0,0,0,0,0,0,0,0,0,0,0,0,0
 "48000","Texas",6,SAGDP5N,9,"213","   Support activities for mining","Thousands of dollars",0,0,0,0,0,0,0,0,0,0,0,0,0,0,0,0,0,0,0,0,0,0,0
 "48000","Texas",6,SAGDP5N,10,"22","  Utilities","Thousands of dollars",0,0,0,0,0,0,0,0,0,0,0,0,0,0,0,0,0,0,0,0,0,0,0
 "48000","Texas",6,SAGDP5N,11,"23","  Construction","Thousands of dollars",0,0,0,0,0,0,0,0,0,0,0,0,0,0,0,0,0,0,0,0,0,0,0
 "48000","Texas",6,SAGDP5N,12,"31-33","  Manufacturing","Thousands of dollars",0,0,0,0,0,0,0,0,0,-238,-99,-5763,-22988,-82602,-86384,-113627,-39801,-46265,-15387,-13978,-13762,-14345,-16047
 "48000","Texas",6,SAGDP5N,13,"321,327-339","   Durable goods manufacturing","Thousands of dollars",0,0,0,0,0,0,0,0,0,0,0,-5656,-15837,-45065,-52338,-35789,-18269,-13378,-12132,-10793,-10731,-11171,-13578
 "48000","Texas",6,SAGDP5N,14,"321","    Wood product manufacturing","Thousands of dollars",0,0,0,0,0,0,0,0,0,0,0,0,0,0,0,0,0,0,0,0,0,0,0
 "48000","Texas",6,SAGDP5N,15,"327","    Nonmetallic mineral product manufacturing","Thousands of dollars",0,0,0,0,0,0,0,0,0,0,0,0,0,0,0,0,0,0,0,0,0,0,0
 "48000","Texas",6,SAGDP5N,16,"331","    Primary metal manufacturing","Thousands of dollars",0,0,0,0,0,0,0,0,0,0,0,0,0,0,0,0,0,0,0,0,0,0,0
 "48000","Texas",6,SAGDP5N,17,"332","    Fabricated metal product manufacturing","Thousands of dollars",0,0,0,0,0,0,0,0,0,0,0,0,0,0,0,0,0,0,0,0,0,0,0
 "48000","Texas",6,SAGDP5N,18,"333","    Machinery manufacturing","Thousands of dollars",0,0,0,0,0,0,0,0,0,0,0,0,0,0,0,0,0,0,0,0,0,0,0
 "48000","Texas",6,SAGDP5N,19,"334","    Computer and electronic product manufacturing","Thousands of dollars",0,0,0,0,0,0,0,0,0,0,0,0,0,0,0,0,0,0,0,0,0,0,0
 "48000","Texas",6,SAGDP5N,20,"335","    Electrical equipment, appliance, and component manufacturing","Thousands of dollars",0,0,0,0,0,0,0,0,0,0,0,-5656,-15837,-45065,-52338,-35789,-18269,-13378,-12132,-10793,-10731,-11171,-13578
 "48000","Texas",6,SAGDP5N,21,"3361-3363","    Motor vehicles, bodies and trailers, and parts manufacturing","Thousands of dollars",0,0,0,0,0,0,0,0,0,0,0,0,0,0,0,0,0,0,0,0,0,0,0
 "48000","Texas",6,SAGDP5N,22,"3364-3369","    Other transportation equipment manufacturing","Thousands of dollars",0,0,0,0,0,0,0,0,0,0,0,0,0,0,0,0,0,0,0,0,0,0,0
 "48000","Texas",6,SAGDP5N,23,"337","    Furniture and related product manufacturing","Thousands of dollars",0,0,0,0,0,0,0,0,0,0,0,0,0,0,0,0,0,0,0,0,0,0,0
 "48000","Texas",6,SAGDP5N,24,"339","    Miscellaneous manufacturing","Thousands of dollars",0,0,0,0,0,0,0,0,0,0,0,0,0,0,0,0,0,0,0,0,0,0,0
 "48000","Texas",6,SAGDP5N,25,"311-316,322-326","   Nondurable goods manufacturing","Thousands of dollars",0,0,0,0,0,0,0,0,0,-238,-99,-108,-7151,-37537,-34045,-77838,-21532,-32887,-3256,-3186,-3031,-3175,-2469
 "48000","Texas",6,SAGDP5N,26,"311-312","    Food and beverage and tobacco product manufacturing","Thousands of dollars",0,0,0,0,0,0,0,0,0,0,0,0,0,0,0,0,0,0,0,0,0,0,0
 "48000","Texas",6,SAGDP5N,27,"313-314","    Textile mills and textile product mills","Thousands of dollars",0,0,0,0,0,0,0,0,0,-238,-99,-108,-145,-116,-123,-121,-133,-171,-894,-798,-755,-825,-805
 "48000","Texas",6,SAGDP5N,28,"315-316","    Apparel, leather, and allied product manufacturing","Thousands of dollars",0,0,0,0,0,0,0,0,0,0,0,0,0,0,0,0,0,0,0,0,0,0,0
 "48000","Texas",6,SAGDP5N,29,"322","    Paper manufacturing","Thousands of dollars",0,0,0,0,0,0,0,0,0,0,0,0,0,0,0,0,0,0,0,0,0,0,0
 "48000","Texas",6,SAGDP5N,30,"323","    Printing and related support activities","Thousands of dollars",0,0,0,0,0,0,0,0,0,0,0,0,0,0,0,0,0,0,0,0,0,0,0
 "48000","Texas",6,SAGDP5N,31,"324","    Petroleum and coal products manufacturing","Thousands of dollars",0,0,0,0,0,0,0,0,0,0,0,0,-5391,-35058,-16487,-71518,-13995,-25154,0,0,0,0,0
 "48000","Texas",6,SAGDP5N,32,"325","    Chemical manufacturing","Thousands of dollars",0,0,0,0,0,0,0,0,0,0,0,0,-1616,-2364,-17435,-6198,-7404,-7563,-2361,-2388,-2276,-2349,-1664
 "48000","Texas",6,SAGDP5N,33,"326","    Plastics and rubber products manufacturing","Thousands of dollars",0,0,0,0,0,0,0,0,0,0,0,0,0,0,0,0,0,0,0,0,0,0,0
 "48000","Texas",6,SAGDP5N,34,"42","  Wholesale trade","Thousands of dollars",0,0,0,0,0,0,0,0,0,0,0,0,0,0,0,0,0,0,0,0,0,0,0
 "48000","Texas",6,SAGDP5N,35,"44-45","  Retail trade","Thousands of dollars",0,0,0,0,0,0,0,0,0,0,0,0,-240239,-25895,-253,0,0,0,0,0,0,0,0
 "48000","Texas",6,SAGDP5N,36,"48-49","  Transportation and warehousing","Thousands of dollars",-17357,-7767,-6087,-10604,-528260,-53055,-283168,-70101,-51519,-67776,-49756,-45926,-66687,-55647,-56142,-76250,-47115,-39228,-38610,-45167,-41173,-40116,-45114
 "48000","Texas",6,SAGDP5N,37,"481","   Air transportation","Thousands of dollars",-2018,101,0,-101,-507320,-16144,-253761,-1715,-6155,-9384,-9485,-14227,-17254,-20684,-23812,-26133,-23610,-22097,-24216,-24720,-24014,-22803,-28958
 "48000","Texas",6,SAGDP5N,38,"482","   Rail transportation","Thousands of dollars",-4037,-3077,-4000,-6008,-5567,-7160,-7355,-8613,-9716,-9128,-7529,-10757,-14712,-19825,-16159,-14084,-13454,-12238,-11731,-11391,-14394,-15947,-14723
 "48000","Texas",6,SAGDP5N,39,"483","   Water transportation","Thousands of dollars",-11302,-4791,-2088,-4495,-15373,-29751,-21838,-58331,-34225,-45272,-31679,-19770,-34225,-15138,-16170,-36033,-10051,-4893,-2664,-9056,-2765,-1365,-1433
 "48000","Texas",6,SAGDP5N,40,"484","   Truck transportation","Thousands of dollars",0,0,0,0,0,0,-213,-1441,-1423,-3993,-1064,-1172,-496,0,0,0,0,0,0,0,0,0,0
 "48000","Texas",6,SAGDP5N,41,"485","   Transit and ground passenger transportation","Thousands of dollars",0,0,0,0,0,0,0,0,0,0,0,0,0,0,0,0,0,0,0,0,0,0,0
 "48000","Texas",6,SAGDP5N,42,"486","   Pipeline transportation","Thousands of dollars",0,0,0,0,0,0,0,0,0,0,0,0,0,0,0,0,0,0,0,0,0,0,0
 "48000","Texas",6,SAGDP5N,43,"487-488, 492","   Other transportation and support activities","Thousands of dollars",0,0,0,0,0,0,0,0,0,0,0,0,0,0,0,0,0,0,0,0,0,0,0
 "48000","Texas",6,SAGDP5N,44,"493","   Warehousing and storage","Thousands of dollars",0,0,0,0,0,0,0,0,0,0,0,0,0,0,0,0,0,0,0,0,0,0,0
 "48000","Texas",6,SAGDP5N,45,"51","  Information","Thousands of dollars",0,0,0,0,0,0,0,0,0,0,0,0,-3454,-9693,-42929,-62323,-34597,-8168,-8016,431,-986,-456,-542
 "48000","Texas",6,SAGDP5N,46,"511","   Publishing industries (except Internet)","Thousands of dollars",0,0,0,0,0,0,0,0,0,0,0,0,0,0,0,0,0,0,0,0,0,0,0
 "48000","Texas",6,SAGDP5N,47,"512","   Motion picture and sound recording industries","Thousands of dollars",0,0,0,0,0,0,0,0,0,0,0,0,0,0,0,0,0,0,0,0,0,0,0
 "48000","Texas",6,SAGDP5N,48,"515, 517","   Broadcasting (except Internet) and telecommunications","Thousands of dollars",0,0,0,0,0,0,0,0,0,0,0,0,-3454,-9693,-42929,-62323,-34597,-8168,-8016,431,-986,-456,-542
 "48000","Texas",6,SAGDP5N,49,"518, 519","   Data processing, hosting, and other information services","Thousands of dollars",0,0,0,0,0,0,0,0,0,0,0,0,0,0,0,0,0,0,0,0,0,0,0
 "48000","Texas",6,SAGDP5N,50,"52, 53","  Finance, insurance, real estate, rental, and leasing","Thousands of dollars",-682350,-733052,-774126,-770026,-701223,-721521,-798977,-832598,-1060356,-785626,-997937,-908265,-908104,-928171,-970642,-1019617,-1042796,-1063066,-1070895,-1168425,-1218139,-1212483,-1218176
 "48000","Texas",6,SAGDP5N,51,"52","   Finance and insurance","Thousands of dollars",-2527,-2907,-4268,-4247,-5553,-6054,-2300,-1373,-2480,-1717,-1846,-2315,-8701,-22372,-33989,-49811,-34518,-46221,-28386,-38547,-42677,-40788,-41464
 "48000","Texas",6,SAGDP5N,52,"521-522","    Monetary Authorities- central bank, credit intermediation, and related services","Thousands of dollars",-2527,-2907,-4268,-4247,-5553,-6054,-2300,-1373,-2480,-1717,-1846,-2315,-8701,-22372,-33989,-49811,-34518,-46221,-28386,-38547,-42677,-40788,-41464
 "48000","Texas",6,SAGDP5N,53,"523","    Securities, commodity contracts, and other financial investments and related activities","Thousands of dollars",0,0,0,0,0,0,0,0,0,0,0,0,0,0,0,0,0,0,0,0,0,0,0
 "48000","Texas",6,SAGDP5N,54,"524","    Insurance carriers and related activities","Thousands of dollars",0,0,0,0,0,0,0,0,0,0,0,0,0,0,0,0,0,0,0,0,0,0,0
 "48000","Texas",6,SAGDP5N,55,"525","    Funds, trusts, and other financial vehicles","Thousands of dollars",0,0,0,0,0,0,0,0,0,0,0,0,0,0,0,0,0,0,0,0,0,0,0
 "48000","Texas",6,SAGDP5N,56,"53","   Real estate and rental and leasing","Thousands of dollars",-679823,-730145,-769857,-765779,-695670,-715466,-796677,-831226,-1057876,-783909,-996091,-905949,-899403,-905799,-936653,-969806,-1008278,-1016845,-1042508,-1129878,-1175462,-1171694,-1176712
 "48000","Texas",6,SAGDP5N,57,"531","    Real estate","Thousands of dollars",-679823,-730145,-769857,-765779,-695670,-715466,-796677,-831226,-1057876,-783909,-996091,-905949,-899403,-905799,-936653,-969806,-1008278,-1016845,-1042508,-1129878,-1175462,-1171694,-1176712
 "48000","Texas",6,SAGDP5N,58,"532-533","    Rental and leasing services and lessors of nonfinancial intangible assets","Thousands of dollars",0,0,0,0,0,0,0,0,0,0,0,0,0,0,0,0,0,0,0,0,0,0,0
 "48000","Texas",6,SAGDP5N,59,"54, 55, 56","  Professional and business services","Thousands of dollars",0,0,0,0,0,0,0,0,0,0,0,0,0,0,0,0,0,0,0,0,0,0,0
 "48000","Texas",6,SAGDP5N,60,"54","   Professional, scientific, and technical services","Thousands of dollars",0,0,0,0,0,0,0,0,0,0,0,0,0,0,0,0,0,0,0,0,0,0,0
 "48000","Texas",6,SAGDP5N,61,"5411","    Legal services","Thousands of dollars",0,0,0,0,0,0,0,0,0,0,0,0,0,0,0,0,0,0,0,0,0,0,0
 "48000","Texas",6,SAGDP5N,62,"5415","    Computer systems design and related services","Thousands of dollars",0,0,0,0,0,0,0,0,0,0,0,0,0,0,0,0,0,0,0,0,0,0,0
 "48000","Texas",6,SAGDP5N,63,"5412-5414, 5416-5419","    Miscellaneous professional, scientific, and technical services","Thousands of dollars",0,0,0,0,0,0,0,0,0,0,0,0,0,0,0,0,0,0,0,0,0,0,0
 "48000","Texas",6,SAGDP5N,64,"55","   Management of companies and enterprises","Thousands of dollars",0,0,0,0,0,0,0,0,0,0,0,0,0,0,0,0,0,0,0,0,0,0,0
 "48000","Texas",6,SAGDP5N,65,"56","   Administrative and support and waste management and remediation services","Thousands of dollars",0,0,0,0,0,0,0,0,0,0,0,0,0,0,0,0,0,0,0,0,0,0,0
 "48000","Texas",6,SAGDP5N,66,"561","    Administrative and support services","Thousands of dollars",0,0,0,0,0,0,0,0,0,0,0,0,0,0,0,0,0,0,0,0,0,0,0
 "48000","Texas",6,SAGDP5N,67,"562","    Waste management and remediation services","Thousands of dollars",0,0,0,0,0,0,0,0,0,0,0,0,0,0,0,0,0,0,0,0,0,0,0
 "48000","Texas",6,SAGDP5N,68,"61, 62","  Educational services, health care, and social assistance","Thousands of dollars",0,0,0,0,0,0,0,0,0,0,0,0,0,-37078,-300680,-176087,-216744,-203184,-120504,-70025,-24029,-760,-761
 "48000","Texas",6,SAGDP5N,69,"61","   Educational services","Thousands of dollars",0,0,0,0,0,0,0,0,0,0,0,0,0,0,0,0,0,0,0,0,0,0,0
 "48000","Texas",6,SAGDP5N,70,"62","   Health care and social assistance","Thousands of dollars",0,0,0,0,0,0,0,0,0,0,0,0,0,-37078,-300680,-176087,-216744,-203184,-120504,-70025,-24029,-760,-761
 "48000","Texas",6,SAGDP5N,71,"621","    Ambulatory health care services","Thousands of dollars",0,0,0,0,0,0,0,0,0,0,0,0,0,0,0,0,0,0,0,0,0,0,0
 "48000","Texas",6,SAGDP5N,72,"622","    Hospitals","Thousands of dollars",0,0,0,0,0,0,0,0,0,0,0,0,0,-37078,-300680,-176087,-216744,-203184,-120504,-70025,-24029,-760,-761
 "48000","Texas",6,SAGDP5N,73,"623","    Nursing and residential care facilities","Thousands of dollars",0,0,0,0,0,0,0,0,0,0,0,0,0,0,0,0,0,0,0,0,0,0,0
 "48000","Texas",6,SAGDP5N,74,"624","    Social assistance","Thousands of dollars",0,0,0,0,0,0,0,0,0,0,0,0,0,0,0,0,0,0,0,0,0,0,0
 "48000","Texas",6,SAGDP5N,75,"71, 72","  Arts, entertainment, recreation, accommodation, and food services","Thousands of dollars",0,0,0,0,0,0,0,0,0,0,0,0,0,0,0,0,0,0,0,0,0,0,0
 "48000","Texas",6,SAGDP5N,76,"71","   Arts, entertainment, and recreation","Thousands of dollars",0,0,0,0,0,0,0,0,0,0,0,0,0,0,0,0,0,0,0,0,0,0,0
 "48000","Texas",6,SAGDP5N,77,"711-712","    Performing arts, spectator sports, museums, and related activities","Thousands of dollars",0,0,0,0,0,0,0,0,0,0,0,0,0,0,0,0,0,0,0,0,0,0,0
 "48000","Texas",6,SAGDP5N,78,"713","    Amusement, gambling, and recreation industries","Thousands of dollars",0,0,0,0,0,0,0,0,0,0,0,0,0,0,0,0,0,0,0,0,0,0,0
 "48000","Texas",6,SAGDP5N,79,"72","   Accommodation and food services","Thousands of dollars",0,0,0,0,0,0,0,0,0,0,0,0,0,0,0,0,0,0,0,0,0,0,0
 "48000","Texas",6,SAGDP5N,80,"721","    Accommodation","Thousands of dollars",0,0,0,0,0,0,0,0,0,0,0,0,0,0,0,0,0,0,0,0,0,0,0
 "48000","Texas",6,SAGDP5N,81,"722","    Food services and drinking places","Thousands of dollars",0,0,0,0,0,0,0,0,0,0,0,0,0,0,0,0,0,0,0,0,0,0,0
 "48000","Texas",6,SAGDP5N,82,"81","  Other services (except government and government enterprises)","Thousands of dollars",0,0,0,0,0,0,0,0,0,0,0,0,0,0,0,0,0,0,0,0,0,0,0
 "48000","Texas",6,SAGDP5N,83,"..."," Government and government enterprises","Thousands of dollars",-569774,-549061,-574795,-557685,-598252,-660142,-697979,-736986,-744937,-828629,-837176,-868676,-1071769,-976094,-1196040,-1194786,-1367027,-1424838,-1309524,-1340539,-1344742,-1538256,-1456983
 "48000","Texas",6,SAGDP5N,84,"...","  Federal civilian","Thousands of dollars",-123360,-130619,-137372,-171669,-198649,-193456,-193417,-197479,-196671,-221894,-233160,-291963,-378011,-291082,-449139,-522491,-695225,-750717,-617845,-617384,-658270,-794554,-701721
 "48000","Texas",6,SAGDP5N,85,"...","  Military","Thousands of dollars",0,0,0,0,0,0,0,0,0,0,0,0,0,0,0,0,0,0,0,0,0,0,0
 "48000","Texas",6,SAGDP5N,86,"...","  State and local","Thousands of dollars",-446414,-418442,-437422,-386015,-399603,-466686,-504562,-539507,-548266,-606736,-604016,-576713,-693758,-685012,-746901,-672295,-671802,-674120,-691679,-723155,-686472,-743702,-755262
 "48000","Texas",6,SAGDP5N,87,"11, 21","Natural resources and mining","Thousands of dollars",-549966,-852169,-1694083,-1435780,-1793311,-1103296,-1500284,-947214,-1797897,-1287948,-1202639,-1002757,-1196812,-864127,-776924,-690222,-911607,-879213,-748206,-813092,-769628,-733902,-1735667
 "48000","Texas",6,SAGDP5N,88,"42, 44-45","Trade","Thousands of dollars",0,0,0,0,0,0,0,0,0,0,0,0,-240239,-25895,-253,0,0,0,0,0,0,0,0
 "48000","Texas",6,SAGDP5N,89,"...","Transportation and utilities","Thousands of dollars",-17357,-7767,-6087,-10604,-528260,-53055,-283168,-70101,-51519,-67776,-49756,-45926,-66687,-55647,-56142,-76250,-47115,-39228,-38610,-45167,-41173,-40116,-45114
 "48000","Texas",6,SAGDP5N,90,"...","Manufacturing and information","Thousands of dollars",0,0,0,0,0,0,0,0,0,-238,-99,-5763,-26442,-92295,-129313,-175950,-74398,-54433,-23403,-13547,-14748,-14801,-16588
 "48000","Texas",6,SAGDP5N,91,"...","Private goods-producing industries 2/","Thousands of dollars",-549966,-852169,-1694083,-1435780,-1793311,-1103296,-1500284,-947214,-1797897,-1288186,-1202738,-1008521,-1219800,-946729,-863307,-803849,-951408,-925478,-763593,-827071,-783390,-748248,-1751714
 "48000","Texas",6,SAGDP5N,92,"...","Private services-providing industries 3/","Thousands of dollars",-699707,-740820,-780213,-780630,-1229483,-774576,-1082145,-902699,-1111875,-853402,-1047693,-954190,-1218484,-1056483,-1370646,-1334277,-1341253,-1313646,-1238024,-1283186,-1284327,-1253814,-1264593
"Note: See the included footnote file."
"SAGDP5N: Subsidies 1/"
"Last updated: October 2, 2020-- new statistics for 2018-2019; revised statistics for 1997-2017."
"Source: U.S. Department of Commerce / Bureau of Economic Analysis / Regional Economic Accounts"
