GeoFIPS,GeoName,Region,TableName,LineCode,IndustryClassification,Description,Unit,1997,1998,1999,2000,2001,2002,2003,2004,2005,2006,2007,2008,2009,2010,2011,2012,2013,2014,2015,2016,2017,2018,2019
 "19000","Iowa",4,SAGDP5N,1,"...","All industry total","Thousands of dollars",-784505,-1163034,-1941908,-2151523,-2003689,-891478,-1173162,-1390857,-2295826,-1405341,-1133774,-1225554,-1258903,-1329940,-1308874,-1324412,-1363171,-1012874,-1688070,-1453961,-1158258,-1574643,-2566195
 "19000","Iowa",4,SAGDP5N,2,"..."," Private industries","Thousands of dollars",-683909,-1073546,-1864333,-2060678,-1850104,-726154,-1002792,-1180373,-2084704,-1182591,-829931,-802092,-819907,-1024953,-875223,-881304,-805093,-507465,-1266156,-1076455,-723388,-1166886,-2151395
 "19000","Iowa",4,SAGDP5N,3,"11","  Agriculture, forestry, fishing and hunting","Thousands of dollars",-604582,-994075,-1780475,-1979696,-1757652,-641287,-901917,-1079923,-1960281,-1069921,-692172,-679077,-652674,-869701,-687525,-704461,-633759,-344187,-1115251,-917857,-568139,-1021590,-2004918
 "19000","Iowa",4,SAGDP5N,4,"111-112","   Farms","Thousands of dollars",-604582,-994075,-1780475,-1979696,-1757652,-641287,-901917,-1079923,-1960281,-1069921,-692172,-679077,-652674,-869701,-687525,-704461,-633759,-344187,-1115251,-917857,-568139,-1021590,-2004918
 "19000","Iowa",4,SAGDP5N,5,"113-115","   Forestry, fishing, and related activities","Thousands of dollars",0,0,0,0,0,0,0,0,0,0,0,0,0,0,0,0,0,0,0,0,0,0,0
 "19000","Iowa",4,SAGDP5N,6,"21","  Mining, quarrying, and oil and gas extraction","Thousands of dollars",0,0,0,0,0,0,0,0,0,0,0,0,0,0,0,0,0,0,0,0,0,0,0
 "19000","Iowa",4,SAGDP5N,7,"211","   Oil and gas extraction","Thousands of dollars",0,0,0,0,0,0,0,0,0,0,0,0,0,0,0,0,0,0,0,0,0,0,0
 "19000","Iowa",4,SAGDP5N,8,"212","   Mining (except oil and gas)","Thousands of dollars",0,0,0,0,0,0,0,0,0,0,0,0,0,0,0,0,0,0,0,0,0,0,0
 "19000","Iowa",4,SAGDP5N,9,"213","   Support activities for mining","Thousands of dollars",0,0,0,0,0,0,0,0,0,0,0,0,0,0,0,0,0,0,0,0,0,0,0
 "19000","Iowa",4,SAGDP5N,10,"22","  Utilities","Thousands of dollars",0,0,0,0,0,0,0,0,0,0,0,0,0,0,0,0,0,0,0,0,0,0,0
 "19000","Iowa",4,SAGDP5N,11,"23","  Construction","Thousands of dollars",0,0,0,0,0,0,0,0,0,0,0,0,0,0,0,0,0,0,0,0,0,0,0
 "19000","Iowa",4,SAGDP5N,12,"31-33","  Manufacturing","Thousands of dollars",0,0,0,0,0,0,0,0,0,-22,-13,-2290,-5206,-13343,-14670,-10856,-6466,-4708,-4284,-4101,-4243,-4442,-5126
 "19000","Iowa",4,SAGDP5N,13,"321,327-339","   Durable goods manufacturing","Thousands of dollars",0,0,0,0,0,0,0,0,0,0,0,-2274,-4968,-12980,-12745,-10067,-5551,-3556,-3919,-3800,-3951,-4146,-4897
 "19000","Iowa",4,SAGDP5N,14,"321","    Wood product manufacturing","Thousands of dollars",0,0,0,0,0,0,0,0,0,0,0,0,0,0,0,0,0,0,0,0,0,0,0
 "19000","Iowa",4,SAGDP5N,15,"327","    Nonmetallic mineral product manufacturing","Thousands of dollars",0,0,0,0,0,0,0,0,0,0,0,0,0,0,0,0,0,0,0,0,0,0,0
 "19000","Iowa",4,SAGDP5N,16,"331","    Primary metal manufacturing","Thousands of dollars",0,0,0,0,0,0,0,0,0,0,0,0,0,0,0,0,0,0,0,0,0,0,0
 "19000","Iowa",4,SAGDP5N,17,"332","    Fabricated metal product manufacturing","Thousands of dollars",0,0,0,0,0,0,0,0,0,0,0,0,0,0,0,0,0,0,0,0,0,0,0
 "19000","Iowa",4,SAGDP5N,18,"333","    Machinery manufacturing","Thousands of dollars",0,0,0,0,0,0,0,0,0,0,0,0,0,0,0,0,0,0,0,0,0,0,0
 "19000","Iowa",4,SAGDP5N,19,"334","    Computer and electronic product manufacturing","Thousands of dollars",0,0,0,0,0,0,0,0,0,0,0,0,0,0,0,0,0,0,0,0,0,0,0
 "19000","Iowa",4,SAGDP5N,20,"335","    Electrical equipment, appliance, and component manufacturing","Thousands of dollars",0,0,0,0,0,0,0,0,0,0,0,-2274,-4968,-12980,-12745,-10067,-5551,-3556,-3919,-3800,-3951,-4146,-4897
 "19000","Iowa",4,SAGDP5N,21,"3361-3363","    Motor vehicles, bodies and trailers, and parts manufacturing","Thousands of dollars",0,0,0,0,0,0,0,0,0,0,0,0,0,0,0,0,0,0,0,0,0,0,0
 "19000","Iowa",4,SAGDP5N,22,"3364-3369","    Other transportation equipment manufacturing","Thousands of dollars",0,0,0,0,0,0,0,0,0,0,0,0,0,0,0,0,0,0,0,0,0,0,0
 "19000","Iowa",4,SAGDP5N,23,"337","    Furniture and related product manufacturing","Thousands of dollars",0,0,0,0,0,0,0,0,0,0,0,0,0,0,0,0,0,0,0,0,0,0,0
 "19000","Iowa",4,SAGDP5N,24,"339","    Miscellaneous manufacturing","Thousands of dollars",0,0,0,0,0,0,0,0,0,0,0,0,0,0,0,0,0,0,0,0,0,0,0
 "19000","Iowa",4,SAGDP5N,25,"311-316,322-326","   Nondurable goods manufacturing","Thousands of dollars",0,0,0,0,0,0,0,0,0,-22,-13,-16,-238,-363,-1925,-789,-915,-1152,-365,-300,-292,-296,-229
 "19000","Iowa",4,SAGDP5N,26,"311-312","    Food and beverage and tobacco product manufacturing","Thousands of dollars",0,0,0,0,0,0,0,0,0,0,0,0,0,0,0,0,0,0,0,0,0,0,0
 "19000","Iowa",4,SAGDP5N,27,"313-314","    Textile mills and textile product mills","Thousands of dollars",0,0,0,0,0,0,0,0,0,-22,-13,-16,-24,-19,-19,-22,-19,-16,-89,-80,-78,-82,-84
 "19000","Iowa",4,SAGDP5N,28,"315-316","    Apparel, leather, and allied product manufacturing","Thousands of dollars",0,0,0,0,0,0,0,0,0,0,0,0,0,0,0,0,0,0,0,0,0,0,0
 "19000","Iowa",4,SAGDP5N,29,"322","    Paper manufacturing","Thousands of dollars",0,0,0,0,0,0,0,0,0,0,0,0,0,0,0,0,0,0,0,0,0,0,0
 "19000","Iowa",4,SAGDP5N,30,"323","    Printing and related support activities","Thousands of dollars",0,0,0,0,0,0,0,0,0,0,0,0,0,0,0,0,0,0,0,0,0,0,0
 "19000","Iowa",4,SAGDP5N,31,"324","    Petroleum and coal products manufacturing","Thousands of dollars",0,0,0,0,0,0,0,0,0,0,0,0,-26,-114,-43,-265,-43,-215,0,0,0,0,0
 "19000","Iowa",4,SAGDP5N,32,"325","    Chemical manufacturing","Thousands of dollars",0,0,0,0,0,0,0,0,0,0,0,0,-188,-230,-1863,-501,-852,-921,-276,-220,-214,-214,-145
 "19000","Iowa",4,SAGDP5N,33,"326","    Plastics and rubber products manufacturing","Thousands of dollars",0,0,0,0,0,0,0,0,0,0,0,0,0,0,0,0,0,0,0,0,0,0,0
 "19000","Iowa",4,SAGDP5N,34,"42","  Wholesale trade","Thousands of dollars",0,0,0,0,0,0,0,0,0,0,0,0,0,0,0,0,0,0,0,0,0,0,0
 "19000","Iowa",4,SAGDP5N,35,"44-45","  Retail trade","Thousands of dollars",0,0,0,0,0,0,0,0,0,0,0,0,-30338,-3216,-31,0,0,0,0,0,0,0,0
 "19000","Iowa",4,SAGDP5N,36,"48-49","  Transportation and warehousing","Thousands of dollars",-1745,-1270,-1527,-1680,-12839,-3591,-7702,-4292,-3668,-4903,-3327,-3381,-4384,-4401,-3132,-3032,-2479,-2235,-2339,-2588,-2774,-2945,-2707
 "19000","Iowa",4,SAGDP5N,37,"481","   Air transportation","Thousands of dollars",-42,2,0,-2,-10646,-339,-5325,-36,-129,-197,-199,-299,-362,-434,-500,-548,-495,-464,-508,-519,-504,-479,-608
 "19000","Iowa",4,SAGDP5N,38,"482","   Rail transportation","Thousands of dollars",-1353,-1107,-1396,-1334,-1202,-1484,-1353,-1723,-2100,-2068,-1777,-2174,-2989,-3591,-2204,-1798,-1818,-1691,-1795,-1955,-2239,-2447,-2083
 "19000","Iowa",4,SAGDP5N,39,"483","   Water transportation","Thousands of dollars",-350,-165,-131,-344,-991,-1768,-964,-2119,-1045,-1573,-1078,-619,-904,-376,-428,-686,-166,-79,-36,-115,-31,-19,-17
 "19000","Iowa",4,SAGDP5N,40,"484","   Truck transportation","Thousands of dollars",0,0,0,0,0,0,-60,-413,-394,-1065,-272,-289,-129,0,0,0,0,0,0,0,0,0,0
 "19000","Iowa",4,SAGDP5N,41,"485","   Transit and ground passenger transportation","Thousands of dollars",0,0,0,0,0,0,0,0,0,0,0,0,0,0,0,0,0,0,0,0,0,0,0
 "19000","Iowa",4,SAGDP5N,42,"486","   Pipeline transportation","Thousands of dollars",0,0,0,0,0,0,0,0,0,0,0,0,0,0,0,0,0,0,0,0,0,0,0
 "19000","Iowa",4,SAGDP5N,43,"487-488, 492","   Other transportation and support activities","Thousands of dollars",0,0,0,0,0,0,0,0,0,0,0,0,0,0,0,0,0,0,0,0,0,0,0
 "19000","Iowa",4,SAGDP5N,44,"493","   Warehousing and storage","Thousands of dollars",0,0,0,0,0,0,0,0,0,0,0,0,0,0,0,0,0,0,0,0,0,0,0
 "19000","Iowa",4,SAGDP5N,45,"51","  Information","Thousands of dollars",0,0,0,0,0,0,0,0,0,0,0,0,-241,-700,-2936,-4053,-2099,-479,-495,25,-54,-26,-30
 "19000","Iowa",4,SAGDP5N,46,"511","   Publishing industries (except Internet)","Thousands of dollars",0,0,0,0,0,0,0,0,0,0,0,0,0,0,0,0,0,0,0,0,0,0,0
 "19000","Iowa",4,SAGDP5N,47,"512","   Motion picture and sound recording industries","Thousands of dollars",0,0,0,0,0,0,0,0,0,0,0,0,0,0,0,0,0,0,0,0,0,0,0
 "19000","Iowa",4,SAGDP5N,48,"515, 517","   Broadcasting (except Internet) and telecommunications","Thousands of dollars",0,0,0,0,0,0,0,0,0,0,0,0,-241,-700,-2936,-4053,-2099,-479,-495,25,-54,-26,-30
 "19000","Iowa",4,SAGDP5N,49,"518, 519","   Data processing, hosting, and other information services","Thousands of dollars",0,0,0,0,0,0,0,0,0,0,0,0,0,0,0,0,0,0,0,0,0,0,0
 "19000","Iowa",4,SAGDP5N,50,"52, 53","  Finance, insurance, real estate, rental, and leasing","Thousands of dollars",-77582,-78201,-82331,-79301,-79612,-81276,-93173,-96158,-120755,-107745,-134419,-117344,-127064,-129511,-133578,-138584,-136658,-134605,-131219,-144548,-145498,-137800,-138533
 "19000","Iowa",4,SAGDP5N,51,"52","   Finance and insurance","Thousands of dollars",-518,-589,-817,-841,-936,-1051,-436,-283,-487,-292,-454,-739,-1907,-4958,-6556,-8719,-6079,-8387,-5227,-7816,-6890,-5868,-4783
 "19000","Iowa",4,SAGDP5N,52,"521-522","    Monetary Authorities- central bank, credit intermediation, and related services","Thousands of dollars",-518,-589,-817,-841,-936,-1051,-436,-283,-487,-292,-454,-739,-1907,-4958,-6556,-8719,-6079,-8387,-5227,-7816,-6890,-5868,-4783
 "19000","Iowa",4,SAGDP5N,53,"523","    Securities, commodity contracts, and other financial investments and related activities","Thousands of dollars",0,0,0,0,0,0,0,0,0,0,0,0,0,0,0,0,0,0,0,0,0,0,0
 "19000","Iowa",4,SAGDP5N,54,"524","    Insurance carriers and related activities","Thousands of dollars",0,0,0,0,0,0,0,0,0,0,0,0,0,0,0,0,0,0,0,0,0,0,0
 "19000","Iowa",4,SAGDP5N,55,"525","    Funds, trusts, and other financial vehicles","Thousands of dollars",0,0,0,0,0,0,0,0,0,0,0,0,0,0,0,0,0,0,0,0,0,0,0
 "19000","Iowa",4,SAGDP5N,56,"53","   Real estate and rental and leasing","Thousands of dollars",-77064,-77612,-81514,-78460,-78676,-80225,-92737,-95875,-120269,-107453,-133966,-116605,-125157,-124553,-127022,-129865,-130579,-126217,-125993,-136733,-138608,-131932,-133750
 "19000","Iowa",4,SAGDP5N,57,"531","    Real estate","Thousands of dollars",-77064,-77612,-81514,-78460,-78676,-80225,-92737,-95875,-120269,-107453,-133966,-116605,-125157,-124553,-127022,-129865,-130579,-126217,-125993,-136733,-138608,-131932,-133750
 "19000","Iowa",4,SAGDP5N,58,"532-533","    Rental and leasing services and lessors of nonfinancial intangible assets","Thousands of dollars",0,0,0,0,0,0,0,0,0,0,0,0,0,0,0,0,0,0,0,0,0,0,0
 "19000","Iowa",4,SAGDP5N,59,"54, 55, 56","  Professional and business services","Thousands of dollars",0,0,0,0,0,0,0,0,0,0,0,0,0,0,0,0,0,0,0,0,0,0,0
 "19000","Iowa",4,SAGDP5N,60,"54","   Professional, scientific, and technical services","Thousands of dollars",0,0,0,0,0,0,0,0,0,0,0,0,0,0,0,0,0,0,0,0,0,0,0
 "19000","Iowa",4,SAGDP5N,61,"5411","    Legal services","Thousands of dollars",0,0,0,0,0,0,0,0,0,0,0,0,0,0,0,0,0,0,0,0,0,0,0
 "19000","Iowa",4,SAGDP5N,62,"5415","    Computer systems design and related services","Thousands of dollars",0,0,0,0,0,0,0,0,0,0,0,0,0,0,0,0,0,0,0,0,0,0,0
 "19000","Iowa",4,SAGDP5N,63,"5412-5414, 5416-5419","    Miscellaneous professional, scientific, and technical services","Thousands of dollars",0,0,0,0,0,0,0,0,0,0,0,0,0,0,0,0,0,0,0,0,0,0,0
 "19000","Iowa",4,SAGDP5N,64,"55","   Management of companies and enterprises","Thousands of dollars",0,0,0,0,0,0,0,0,0,0,0,0,0,0,0,0,0,0,0,0,0,0,0
 "19000","Iowa",4,SAGDP5N,65,"56","   Administrative and support and waste management and remediation services","Thousands of dollars",0,0,0,0,0,0,0,0,0,0,0,0,0,0,0,0,0,0,0,0,0,0,0
 "19000","Iowa",4,SAGDP5N,66,"561","    Administrative and support services","Thousands of dollars",0,0,0,0,0,0,0,0,0,0,0,0,0,0,0,0,0,0,0,0,0,0,0
 "19000","Iowa",4,SAGDP5N,67,"562","    Waste management and remediation services","Thousands of dollars",0,0,0,0,0,0,0,0,0,0,0,0,0,0,0,0,0,0,0,0,0,0,0
 "19000","Iowa",4,SAGDP5N,68,"61, 62","  Educational services, health care, and social assistance","Thousands of dollars",0,0,0,0,0,0,0,0,0,0,0,0,0,-4081,-33351,-20317,-23632,-21252,-12567,-7385,-2680,-84,-82
 "19000","Iowa",4,SAGDP5N,69,"61","   Educational services","Thousands of dollars",0,0,0,0,0,0,0,0,0,0,0,0,0,0,0,0,0,0,0,0,0,0,0
 "19000","Iowa",4,SAGDP5N,70,"62","   Health care and social assistance","Thousands of dollars",0,0,0,0,0,0,0,0,0,0,0,0,0,-4081,-33351,-20317,-23632,-21252,-12567,-7385,-2680,-84,-82
 "19000","Iowa",4,SAGDP5N,71,"621","    Ambulatory health care services","Thousands of dollars",0,0,0,0,0,0,0,0,0,0,0,0,0,0,0,0,0,0,0,0,0,0,0
 "19000","Iowa",4,SAGDP5N,72,"622","    Hospitals","Thousands of dollars",0,0,0,0,0,0,0,0,0,0,0,0,0,-4081,-33351,-20317,-23632,-21252,-12567,-7385,-2680,-84,-82
 "19000","Iowa",4,SAGDP5N,73,"623","    Nursing and residential care facilities","Thousands of dollars",0,0,0,0,0,0,0,0,0,0,0,0,0,0,0,0,0,0,0,0,0,0,0
 "19000","Iowa",4,SAGDP5N,74,"624","    Social assistance","Thousands of dollars",0,0,0,0,0,0,0,0,0,0,0,0,0,0,0,0,0,0,0,0,0,0,0
 "19000","Iowa",4,SAGDP5N,75,"71, 72","  Arts, entertainment, recreation, accommodation, and food services","Thousands of dollars",0,0,0,0,0,0,0,0,0,0,0,0,0,0,0,0,0,0,0,0,0,0,0
 "19000","Iowa",4,SAGDP5N,76,"71","   Arts, entertainment, and recreation","Thousands of dollars",0,0,0,0,0,0,0,0,0,0,0,0,0,0,0,0,0,0,0,0,0,0,0
 "19000","Iowa",4,SAGDP5N,77,"711-712","    Performing arts, spectator sports, museums, and related activities","Thousands of dollars",0,0,0,0,0,0,0,0,0,0,0,0,0,0,0,0,0,0,0,0,0,0,0
 "19000","Iowa",4,SAGDP5N,78,"713","    Amusement, gambling, and recreation industries","Thousands of dollars",0,0,0,0,0,0,0,0,0,0,0,0,0,0,0,0,0,0,0,0,0,0,0
 "19000","Iowa",4,SAGDP5N,79,"72","   Accommodation and food services","Thousands of dollars",0,0,0,0,0,0,0,0,0,0,0,0,0,0,0,0,0,0,0,0,0,0,0
 "19000","Iowa",4,SAGDP5N,80,"721","    Accommodation","Thousands of dollars",0,0,0,0,0,0,0,0,0,0,0,0,0,0,0,0,0,0,0,0,0,0,0
 "19000","Iowa",4,SAGDP5N,81,"722","    Food services and drinking places","Thousands of dollars",0,0,0,0,0,0,0,0,0,0,0,0,0,0,0,0,0,0,0,0,0,0,0
 "19000","Iowa",4,SAGDP5N,82,"81","  Other services (except government and government enterprises)","Thousands of dollars",0,0,0,0,0,0,0,0,0,0,0,0,0,0,0,0,0,0,0,0,0,0,0
 "19000","Iowa",4,SAGDP5N,83,"..."," Government and government enterprises","Thousands of dollars",-100596,-89487,-77575,-90845,-153586,-165324,-170370,-210484,-211122,-222750,-303843,-423462,-438996,-304987,-433651,-443107,-558078,-505409,-421914,-377506,-434870,-407757,-414800
 "19000","Iowa",4,SAGDP5N,84,"...","  Federal civilian","Thousands of dollars",-50994,-52518,-47368,-56787,-118494,-124209,-125991,-163250,-165158,-175327,-255711,-377061,-378225,-240781,-359991,-382423,-498011,-450223,-373340,-324220,-371412,-339375,-345355
 "19000","Iowa",4,SAGDP5N,85,"...","  Military","Thousands of dollars",0,0,0,0,0,0,0,0,0,0,0,0,0,0,0,0,0,0,0,0,0,0,0
 "19000","Iowa",4,SAGDP5N,86,"...","  State and local","Thousands of dollars",-49602,-36969,-30207,-34058,-35091,-41115,-44379,-47234,-45964,-47423,-48132,-46401,-60771,-64206,-73659,-60684,-60068,-55186,-48574,-53286,-63457,-68382,-69445
 "19000","Iowa",4,SAGDP5N,87,"11, 21","Natural resources and mining","Thousands of dollars",-604582,-994075,-1780475,-1979696,-1757652,-641287,-901917,-1079923,-1960281,-1069921,-692172,-679077,-652674,-869701,-687525,-704461,-633759,-344187,-1115251,-917857,-568139,-1021590,-2004918
 "19000","Iowa",4,SAGDP5N,88,"42, 44-45","Trade","Thousands of dollars",0,0,0,0,0,0,0,0,0,0,0,0,-30338,-3216,-31,0,0,0,0,0,0,0,0
 "19000","Iowa",4,SAGDP5N,89,"...","Transportation and utilities","Thousands of dollars",-1745,-1270,-1527,-1680,-12839,-3591,-7702,-4292,-3668,-4903,-3327,-3381,-4384,-4401,-3132,-3032,-2479,-2235,-2339,-2588,-2774,-2945,-2707
 "19000","Iowa",4,SAGDP5N,90,"...","Manufacturing and information","Thousands of dollars",0,0,0,0,0,0,0,0,0,-22,-13,-2290,-5446,-14043,-17606,-14909,-8565,-5187,-4779,-4075,-4297,-4468,-5155
 "19000","Iowa",4,SAGDP5N,91,"...","Private goods-producing industries 2/","Thousands of dollars",-604582,-994075,-1780475,-1979696,-1757652,-641287,-901917,-1079923,-1960281,-1069943,-692185,-681367,-657880,-883044,-702195,-715318,-640225,-348895,-1119535,-921958,-572382,-1026032,-2010044
 "19000","Iowa",4,SAGDP5N,92,"...","Private services-providing industries 3/","Thousands of dollars",-79327,-79471,-83858,-80981,-92451,-84867,-100875,-100450,-124423,-112648,-137746,-120725,-162027,-141910,-173028,-165987,-164868,-158570,-146620,-154497,-151006,-140854,-141351
"Note: See the included footnote file."
"SAGDP5N: Subsidies 1/"
"Last updated: October 2, 2020-- new statistics for 2018-2019; revised statistics for 1997-2017."
"Source: U.S. Department of Commerce / Bureau of Economic Analysis / Regional Economic Accounts"
