GeoFIPS,GeoName,Region,TableName,LineCode,IndustryClassification,Description,Unit,1997,1998,1999,2000,2001,2002,2003,2004,2005,2006,2007,2008,2009,2010,2011,2012,2013,2014,2015,2016,2017,2018,2019
 "06000","California",8,SAGDP5N,1,"...","All industry total","Thousands of dollars",-4792690,-4566663,-5094083,-4857831,-12733348,-5826470,-6123348,-6410837,-7495945,-7164402,-7742940,-7061889,-7958650,-7643192,-7831426,-7324380,-7445688,-7689781,-7615499,-8336869,-8427959,-8829378,-9110485
 "06000","California",8,SAGDP5N,2,"..."," Private industries","Thousands of dollars",-2425755,-2606109,-3004117,-2975886,-10759054,-3504295,-3618262,-3719322,-4786603,-4282224,-4866220,-4224370,-4667566,-4306257,-4587877,-4390277,-4439619,-4437276,-4429325,-4774174,-4849450,-4962355,-5175717
 "06000","California",8,SAGDP5N,3,"11","  Agriculture, forestry, fishing and hunting","Thousands of dollars",-186992,-303941,-577264,-592199,-786084,-560021,-630440,-408227,-603205,-452950,-426667,-367759,-483380,-308610,-219397,-236809,-201454,-188468,-186439,-200021,-146828,-237767,-407561
 "06000","California",8,SAGDP5N,4,"111-112","   Farms","Thousands of dollars",-186992,-303941,-577264,-592199,-786084,-560021,-630440,-408227,-603205,-452950,-426667,-367759,-483380,-308610,-219397,-236809,-201454,-188468,-186439,-200021,-146828,-237767,-407561
 "06000","California",8,SAGDP5N,5,"113-115","   Forestry, fishing, and related activities","Thousands of dollars",0,0,0,0,0,0,0,0,0,0,0,0,0,0,0,0,0,0,0,0,0,0,0
 "06000","California",8,SAGDP5N,6,"21","  Mining, quarrying, and oil and gas extraction","Thousands of dollars",0,0,0,0,0,0,0,0,0,0,0,0,0,0,0,0,0,0,0,0,0,0,0
 "06000","California",8,SAGDP5N,7,"211","   Oil and gas extraction","Thousands of dollars",0,0,0,0,0,0,0,0,0,0,0,0,0,0,0,0,0,0,0,0,0,0,0
 "06000","California",8,SAGDP5N,8,"212","   Mining (except oil and gas)","Thousands of dollars",0,0,0,0,0,0,0,0,0,0,0,0,0,0,0,0,0,0,0,0,0,0,0
 "06000","California",8,SAGDP5N,9,"213","   Support activities for mining","Thousands of dollars",0,0,0,0,0,0,0,0,0,0,0,0,0,0,0,0,0,0,0,0,0,0,0
 "06000","California",8,SAGDP5N,10,"22","  Utilities","Thousands of dollars",0,0,0,0,-7024000,-385000,319000,0,0,0,0,0,0,0,0,0,0,0,0,0,0,0,0
 "06000","California",8,SAGDP5N,11,"23","  Construction","Thousands of dollars",0,0,0,0,0,0,0,0,0,0,0,0,0,0,0,0,0,0,0,0,0,0,0
 "06000","California",8,SAGDP5N,12,"31-33","  Manufacturing","Thousands of dollars",0,0,0,0,0,0,0,0,0,-689,-296,-8550,-29205,-93316,-95736,-83207,-33893,-44059,-22369,-22080,-22371,-23484,-26333
 "06000","California",8,SAGDP5N,13,"321,327-339","   Durable goods manufacturing","Thousands of dollars",0,0,0,0,0,0,0,0,0,0,0,-8234,-20389,-63130,-77169,-48157,-22973,-17717,-18382,-18077,-18668,-19951,-23285
 "06000","California",8,SAGDP5N,14,"321","    Wood product manufacturing","Thousands of dollars",0,0,0,0,0,0,0,0,0,0,0,0,0,0,0,0,0,0,0,0,0,0,0
 "06000","California",8,SAGDP5N,15,"327","    Nonmetallic mineral product manufacturing","Thousands of dollars",0,0,0,0,0,0,0,0,0,0,0,0,0,0,0,0,0,0,0,0,0,0,0
 "06000","California",8,SAGDP5N,16,"331","    Primary metal manufacturing","Thousands of dollars",0,0,0,0,0,0,0,0,0,0,0,0,0,0,0,0,0,0,0,0,0,0,0
 "06000","California",8,SAGDP5N,17,"332","    Fabricated metal product manufacturing","Thousands of dollars",0,0,0,0,0,0,0,0,0,0,0,0,0,0,0,0,0,0,0,0,0,0,0
 "06000","California",8,SAGDP5N,18,"333","    Machinery manufacturing","Thousands of dollars",0,0,0,0,0,0,0,0,0,0,0,0,0,0,0,0,0,0,0,0,0,0,0
 "06000","California",8,SAGDP5N,19,"334","    Computer and electronic product manufacturing","Thousands of dollars",0,0,0,0,0,0,0,0,0,0,0,0,0,0,0,0,0,0,0,0,0,0,0
 "06000","California",8,SAGDP5N,20,"335","    Electrical equipment, appliance, and component manufacturing","Thousands of dollars",0,0,0,0,0,0,0,0,0,0,0,-8234,-20389,-63130,-77169,-48157,-22973,-17717,-18382,-18077,-18668,-19951,-23285
 "06000","California",8,SAGDP5N,21,"3361-3363","    Motor vehicles, bodies and trailers, and parts manufacturing","Thousands of dollars",0,0,0,0,0,0,0,0,0,0,0,0,0,0,0,0,0,0,0,0,0,0,0
 "06000","California",8,SAGDP5N,22,"3364-3369","    Other transportation equipment manufacturing","Thousands of dollars",0,0,0,0,0,0,0,0,0,0,0,0,0,0,0,0,0,0,0,0,0,0,0
 "06000","California",8,SAGDP5N,23,"337","    Furniture and related product manufacturing","Thousands of dollars",0,0,0,0,0,0,0,0,0,0,0,0,0,0,0,0,0,0,0,0,0,0,0
 "06000","California",8,SAGDP5N,24,"339","    Miscellaneous manufacturing","Thousands of dollars",0,0,0,0,0,0,0,0,0,0,0,0,0,0,0,0,0,0,0,0,0,0,0
 "06000","California",8,SAGDP5N,25,"311-316,322-326","   Nondurable goods manufacturing","Thousands of dollars",0,0,0,0,0,0,0,0,0,-689,-296,-317,-8816,-30187,-18567,-35050,-10920,-26342,-3986,-4003,-3703,-3533,-3048
 "06000","California",8,SAGDP5N,26,"311-312","    Food and beverage and tobacco product manufacturing","Thousands of dollars",0,0,0,0,0,0,0,0,0,0,0,0,0,0,0,0,0,0,0,0,0,0,0
 "06000","California",8,SAGDP5N,27,"313-314","    Textile mills and textile product mills","Thousands of dollars",0,0,0,0,0,0,0,0,0,-689,-296,-317,-378,-283,-268,-280,-328,-315,-1932,-1763,-1663,-1699,-1733
 "06000","California",8,SAGDP5N,28,"315-316","    Apparel, leather, and allied product manufacturing","Thousands of dollars",0,0,0,0,0,0,0,0,0,0,0,0,0,0,0,0,0,0,0,0,0,0,0
 "06000","California",8,SAGDP5N,29,"322","    Paper manufacturing","Thousands of dollars",0,0,0,0,0,0,0,0,0,0,0,0,0,0,0,0,0,0,0,0,0,0,0
 "06000","California",8,SAGDP5N,30,"323","    Printing and related support activities","Thousands of dollars",0,0,0,0,0,0,0,0,0,0,0,0,0,0,0,0,0,0,0,0,0,0,0
 "06000","California",8,SAGDP5N,31,"324","    Petroleum and coal products manufacturing","Thousands of dollars",0,0,0,0,0,0,0,0,0,0,0,0,-6892,-28349,-6709,-30289,-4364,-19713,0,0,0,0,0
 "06000","California",8,SAGDP5N,32,"325","    Chemical manufacturing","Thousands of dollars",0,0,0,0,0,0,0,0,0,0,0,0,-1545,-1555,-11589,-4481,-6228,-6314,-2054,-2240,-2039,-1834,-1315
 "06000","California",8,SAGDP5N,33,"326","    Plastics and rubber products manufacturing","Thousands of dollars",0,0,0,0,0,0,0,0,0,0,0,0,0,0,0,0,0,0,0,0,0,0,0
 "06000","California",8,SAGDP5N,34,"42","  Wholesale trade","Thousands of dollars",0,0,0,0,0,0,0,0,0,0,0,0,0,0,0,0,0,0,0,0,0,0,0
 "06000","California",8,SAGDP5N,35,"44-45","  Retail trade","Thousands of dollars",0,0,0,0,0,0,0,0,0,0,0,0,-344896,-37313,-361,0,0,0,0,0,0,0,0
 "06000","California",8,SAGDP5N,36,"48-49","  Transportation and warehousing","Thousands of dollars",-202270,-138411,-158422,-177760,-865310,-329749,-637497,-401908,-395404,-416187,-373647,-411866,-515584,-578660,-473987,-424371,-390605,-351257,-378660,-410232,-458732,-523164,-509344
 "06000","California",8,SAGDP5N,37,"481","   Air transportation","Thousands of dollars",-2654,133,0,-133,-667145,-21230,-333705,-2256,-8094,-12340,-12472,-18709,-22689,-27201,-31314,-34366,-31049,-29058,-31845,-32508,-31579,-29987,-38081
 "06000","California",8,SAGDP5N,38,"482","   Rail transportation","Thousands of dollars",-184779,-132343,-155458,-170823,-173914,-257581,-264363,-302720,-341207,-347154,-310252,-363339,-448313,-531914,-416464,-336509,-344287,-314362,-341902,-358390,-420064,-490122,-467493
 "06000","California",8,SAGDP5N,39,"483","   Water transportation","Thousands of dollars",-14837,-6201,-2964,-6804,-24251,-50939,-39159,-95108,-44406,-52117,-49736,-28535,-44028,-19545,-26210,-53496,-15269,-7837,-4913,-19334,-7088,-3055,-3770
 "06000","California",8,SAGDP5N,40,"484","   Truck transportation","Thousands of dollars",0,0,0,0,0,0,-271,-1824,-1698,-4576,-1187,-1284,-554,0,0,0,0,0,0,0,0,0,0
 "06000","California",8,SAGDP5N,41,"485","   Transit and ground passenger transportation","Thousands of dollars",0,0,0,0,0,0,0,0,0,0,0,0,0,0,0,0,0,0,0,0,0,0,0
 "06000","California",8,SAGDP5N,42,"486","   Pipeline transportation","Thousands of dollars",0,0,0,0,0,0,0,0,0,0,0,0,0,0,0,0,0,0,0,0,0,0,0
 "06000","California",8,SAGDP5N,43,"487-488, 492","   Other transportation and support activities","Thousands of dollars",0,0,0,0,0,0,0,0,0,0,0,0,0,0,0,0,0,0,0,0,0,0,0
 "06000","California",8,SAGDP5N,44,"493","   Warehousing and storage","Thousands of dollars",0,0,0,0,0,0,0,0,0,0,0,0,0,0,0,0,0,0,0,0,0,0,0
 "06000","California",8,SAGDP5N,45,"51","  Information","Thousands of dollars",0,0,0,0,0,0,0,0,0,0,0,0,-6302,-17942,-77983,-110200,-58256,-14150,-14462,793,-1857,-827,-1038
 "06000","California",8,SAGDP5N,46,"511","   Publishing industries (except Internet)","Thousands of dollars",0,0,0,0,0,0,0,0,0,0,0,0,0,0,0,0,0,0,0,0,0,0,0
 "06000","California",8,SAGDP5N,47,"512","   Motion picture and sound recording industries","Thousands of dollars",0,0,0,0,0,0,0,0,0,0,0,0,0,0,0,0,0,0,0,0,0,0,0
 "06000","California",8,SAGDP5N,48,"515, 517","   Broadcasting (except Internet) and telecommunications","Thousands of dollars",0,0,0,0,0,0,0,0,0,0,0,0,-6302,-17942,-77983,-110200,-58256,-14150,-14462,793,-1857,-827,-1038
 "06000","California",8,SAGDP5N,49,"518, 519","   Data processing, hosting, and other information services","Thousands of dollars",0,0,0,0,0,0,0,0,0,0,0,0,0,0,0,0,0,0,0,0,0,0,0
 "06000","California",8,SAGDP5N,50,"52, 53","  Finance, insurance, real estate, rental, and leasing","Thousands of dollars",-2036492,-2163757,-2268431,-2205928,-2083660,-2229524,-2669325,-2909187,-3787994,-3412398,-4065608,-3436195,-3288200,-3208350,-3225499,-3251533,-3403104,-3518955,-3638792,-4033402,-4182052,-4175904,-4230230
 "06000","California",8,SAGDP5N,51,"52","   Finance and insurance","Thousands of dollars",-1201,-2526,-4312,-4680,-6657,-9355,-4638,-1526,-1833,-2035,-3682,-4087,-19243,-48667,-55630,-73181,-46186,-62800,-40298,-54094,-51717,-47189,-39005
 "06000","California",8,SAGDP5N,52,"521-522","    Monetary Authorities- central bank, credit intermediation, and related services","Thousands of dollars",-1201,-2526,-4312,-4680,-6657,-9355,-4638,-1526,-1833,-2035,-3682,-4087,-19243,-48667,-55630,-73181,-46186,-62800,-40298,-54094,-51717,-47189,-39005
 "06000","California",8,SAGDP5N,53,"523","    Securities, commodity contracts, and other financial investments and related activities","Thousands of dollars",0,0,0,0,0,0,0,0,0,0,0,0,0,0,0,0,0,0,0,0,0,0,0
 "06000","California",8,SAGDP5N,54,"524","    Insurance carriers and related activities","Thousands of dollars",0,0,0,0,0,0,0,0,0,0,0,0,0,0,0,0,0,0,0,0,0,0,0
 "06000","California",8,SAGDP5N,55,"525","    Funds, trusts, and other financial vehicles","Thousands of dollars",0,0,0,0,0,0,0,0,0,0,0,0,0,0,0,0,0,0,0,0,0,0,0
 "06000","California",8,SAGDP5N,56,"53","   Real estate and rental and leasing","Thousands of dollars",-2035291,-2161231,-2264120,-2201248,-2077003,-2220169,-2664687,-2907661,-3786160,-3410363,-4061926,-3432108,-3268957,-3159683,-3169870,-3178352,-3356917,-3456155,-3598494,-3979308,-4130335,-4128715,-4191225
 "06000","California",8,SAGDP5N,57,"531","    Real estate","Thousands of dollars",-2035291,-2161231,-2264120,-2201248,-2077003,-2220169,-2664687,-2907661,-3786160,-3410363,-4061926,-3432108,-3268957,-3159683,-3169870,-3178352,-3356917,-3456155,-3598494,-3979308,-4130335,-4128715,-4191225
 "06000","California",8,SAGDP5N,58,"532-533","    Rental and leasing services and lessors of nonfinancial intangible assets","Thousands of dollars",0,0,0,0,0,0,0,0,0,0,0,0,0,0,0,0,0,0,0,0,0,0,0
 "06000","California",8,SAGDP5N,59,"54, 55, 56","  Professional and business services","Thousands of dollars",0,0,0,0,0,0,0,0,0,0,0,0,0,0,0,0,0,0,0,0,0,0,0
 "06000","California",8,SAGDP5N,60,"54","   Professional, scientific, and technical services","Thousands of dollars",0,0,0,0,0,0,0,0,0,0,0,0,0,0,0,0,0,0,0,0,0,0,0
 "06000","California",8,SAGDP5N,61,"5411","    Legal services","Thousands of dollars",0,0,0,0,0,0,0,0,0,0,0,0,0,0,0,0,0,0,0,0,0,0,0
 "06000","California",8,SAGDP5N,62,"5415","    Computer systems design and related services","Thousands of dollars",0,0,0,0,0,0,0,0,0,0,0,0,0,0,0,0,0,0,0,0,0,0,0
 "06000","California",8,SAGDP5N,63,"5412-5414, 5416-5419","    Miscellaneous professional, scientific, and technical services","Thousands of dollars",0,0,0,0,0,0,0,0,0,0,0,0,0,0,0,0,0,0,0,0,0,0,0
 "06000","California",8,SAGDP5N,64,"55","   Management of companies and enterprises","Thousands of dollars",0,0,0,0,0,0,0,0,0,0,0,0,0,0,0,0,0,0,0,0,0,0,0
 "06000","California",8,SAGDP5N,65,"56","   Administrative and support and waste management and remediation services","Thousands of dollars",0,0,0,0,0,0,0,0,0,0,0,0,0,0,0,0,0,0,0,0,0,0,0
 "06000","California",8,SAGDP5N,66,"561","    Administrative and support services","Thousands of dollars",0,0,0,0,0,0,0,0,0,0,0,0,0,0,0,0,0,0,0,0,0,0,0
 "06000","California",8,SAGDP5N,67,"562","    Waste management and remediation services","Thousands of dollars",0,0,0,0,0,0,0,0,0,0,0,0,0,0,0,0,0,0,0,0,0,0,0
 "06000","California",8,SAGDP5N,68,"61, 62","  Educational services, health care, and social assistance","Thousands of dollars",0,0,0,0,0,0,0,0,0,0,0,0,0,-62066,-494914,-284157,-352307,-320386,-188603,-109233,-37609,-1209,-1212
 "06000","California",8,SAGDP5N,69,"61","   Educational services","Thousands of dollars",0,0,0,0,0,0,0,0,0,0,0,0,0,0,0,0,0,0,0,0,0,0,0
 "06000","California",8,SAGDP5N,70,"62","   Health care and social assistance","Thousands of dollars",0,0,0,0,0,0,0,0,0,0,0,0,0,-62066,-494914,-284157,-352307,-320386,-188603,-109233,-37609,-1209,-1212
 "06000","California",8,SAGDP5N,71,"621","    Ambulatory health care services","Thousands of dollars",0,0,0,0,0,0,0,0,0,0,0,0,0,0,0,0,0,0,0,0,0,0,0
 "06000","California",8,SAGDP5N,72,"622","    Hospitals","Thousands of dollars",0,0,0,0,0,0,0,0,0,0,0,0,0,-62066,-494914,-284157,-352307,-320386,-188603,-109233,-37609,-1209,-1212
 "06000","California",8,SAGDP5N,73,"623","    Nursing and residential care facilities","Thousands of dollars",0,0,0,0,0,0,0,0,0,0,0,0,0,0,0,0,0,0,0,0,0,0,0
 "06000","California",8,SAGDP5N,74,"624","    Social assistance","Thousands of dollars",0,0,0,0,0,0,0,0,0,0,0,0,0,0,0,0,0,0,0,0,0,0,0
 "06000","California",8,SAGDP5N,75,"71, 72","  Arts, entertainment, recreation, accommodation, and food services","Thousands of dollars",0,0,0,0,0,0,0,0,0,0,0,0,0,0,0,0,0,0,0,0,0,0,0
 "06000","California",8,SAGDP5N,76,"71","   Arts, entertainment, and recreation","Thousands of dollars",0,0,0,0,0,0,0,0,0,0,0,0,0,0,0,0,0,0,0,0,0,0,0
 "06000","California",8,SAGDP5N,77,"711-712","    Performing arts, spectator sports, museums, and related activities","Thousands of dollars",0,0,0,0,0,0,0,0,0,0,0,0,0,0,0,0,0,0,0,0,0,0,0
 "06000","California",8,SAGDP5N,78,"713","    Amusement, gambling, and recreation industries","Thousands of dollars",0,0,0,0,0,0,0,0,0,0,0,0,0,0,0,0,0,0,0,0,0,0,0
 "06000","California",8,SAGDP5N,79,"72","   Accommodation and food services","Thousands of dollars",0,0,0,0,0,0,0,0,0,0,0,0,0,0,0,0,0,0,0,0,0,0,0
 "06000","California",8,SAGDP5N,80,"721","    Accommodation","Thousands of dollars",0,0,0,0,0,0,0,0,0,0,0,0,0,0,0,0,0,0,0,0,0,0,0
 "06000","California",8,SAGDP5N,81,"722","    Food services and drinking places","Thousands of dollars",0,0,0,0,0,0,0,0,0,0,0,0,0,0,0,0,0,0,0,0,0,0,0
 "06000","California",8,SAGDP5N,82,"81","  Other services (except government and government enterprises)","Thousands of dollars",0,0,0,0,0,0,0,0,0,0,0,0,0,0,0,0,0,0,0,0,0,0,0
 "06000","California",8,SAGDP5N,83,"..."," Government and government enterprises","Thousands of dollars",-2366936,-1960554,-2089966,-1881945,-1974294,-2322175,-2505086,-2691515,-2709342,-2882178,-2876720,-2837519,-3291084,-3336935,-3243549,-2934102,-3006069,-3252505,-3186174,-3562695,-3578509,-3867023,-3934769
 "06000","California",8,SAGDP5N,84,"...","  Federal civilian","Thousands of dollars",-64916,-72589,-81490,-108107,-97247,-108045,-100383,-96992,-119957,-118421,-106013,-108276,-147187,-104943,-103363,-129765,-188647,-282323,-248573,-296855,-250202,-254259,-265850
 "06000","California",8,SAGDP5N,85,"...","  Military","Thousands of dollars",0,0,0,0,0,0,0,0,0,0,0,0,0,0,0,0,0,0,0,0,0,0,0
 "06000","California",8,SAGDP5N,86,"...","  State and local","Thousands of dollars",-2302019,-1887965,-2008476,-1773838,-1877047,-2214130,-2404703,-2594522,-2589385,-2763757,-2770707,-2729243,-3143897,-3231992,-3140186,-2804337,-2817422,-2970182,-2937602,-3265840,-3328307,-3612764,-3668919
 "06000","California",8,SAGDP5N,87,"11, 21","Natural resources and mining","Thousands of dollars",-186992,-303941,-577264,-592199,-786084,-560021,-630440,-408227,-603205,-452950,-426667,-367759,-483380,-308610,-219397,-236809,-201454,-188468,-186439,-200021,-146828,-237767,-407561
 "06000","California",8,SAGDP5N,88,"42, 44-45","Trade","Thousands of dollars",0,0,0,0,0,0,0,0,0,0,0,0,-344896,-37313,-361,0,0,0,0,0,0,0,0
 "06000","California",8,SAGDP5N,89,"...","Transportation and utilities","Thousands of dollars",-202270,-138411,-158422,-177760,-7889310,-714749,-318497,-401908,-395404,-416187,-373647,-411866,-515584,-578660,-473987,-424371,-390605,-351257,-378660,-410232,-458732,-523164,-509344
 "06000","California",8,SAGDP5N,90,"...","Manufacturing and information","Thousands of dollars",0,0,0,0,0,0,0,0,0,-689,-296,-8550,-35507,-111259,-173719,-193407,-92149,-58209,-36831,-21287,-24228,-24311,-27371
 "06000","California",8,SAGDP5N,91,"...","Private goods-producing industries 2/","Thousands of dollars",-186992,-303941,-577264,-592199,-786084,-560021,-630440,-408227,-603205,-453639,-426964,-376309,-512585,-401926,-315132,-320016,-235347,-232527,-208808,-222101,-169199,-261251,-433893
 "06000","California",8,SAGDP5N,92,"...","Private services-providing industries 3/","Thousands of dollars",-2238763,-2302168,-2426853,-2383687,-9972970,-2944273,-2987822,-3311095,-4183398,-3828585,-4439256,-3848061,-4154981,-3904331,-4272745,-4070261,-4204273,-4204749,-4220517,-4552073,-4680251,-4701104,-4741823
"Note: See the included footnote file."
"SAGDP5N: Subsidies 1/"
"Last updated: October 2, 2020-- new statistics for 2018-2019; revised statistics for 1997-2017."
"Source: U.S. Department of Commerce / Bureau of Economic Analysis / Regional Economic Accounts"
