GeoFIPS,GeoName,Region,TableName,LineCode,IndustryClassification,Description,Unit,1997,1998,1999,2000,2001,2002,2003,2004,2005,2006,2007,2008,2009,2010,2011,2012,2013,2014,2015,2016,2017,2018,2019
 "30000","Montana",7,SAGDP5N,1,"...","All industry total","Thousands of dollars",-256621,-362449,-482417,-480369,-502922,-317353,-401487,-335340,-449921,-353079,-361983,-405689,-414237,-429235,-440336,-383912,-427051,-330272,-285925,-379707,-492662,-490013,-503827
 "30000","Montana",7,SAGDP5N,2,"..."," Private industries","Thousands of dollars",-222196,-334123,-453596,-449390,-460013,-257323,-342272,-275729,-373699,-280225,-285506,-298786,-281820,-339963,-330764,-267652,-275407,-190283,-166976,-259538,-373031,-358063,-377871
 "30000","Montana",7,SAGDP5N,3,"11","  Agriculture, forestry, fishing and hunting","Thousands of dollars",-195797,-306776,-424901,-421500,-424273,-227117,-305063,-241073,-327293,-235224,-230219,-248793,-218063,-277599,-252922,-197055,-202782,-121437,-103954,-195281,-307788,-294260,-313747
 "30000","Montana",7,SAGDP5N,4,"111-112","   Farms","Thousands of dollars",-195797,-306776,-424901,-421500,-424273,-227117,-305063,-241073,-327293,-235224,-230219,-248793,-218063,-277599,-252922,-197055,-202782,-121437,-103954,-195281,-307788,-294260,-313747
 "30000","Montana",7,SAGDP5N,5,"113-115","   Forestry, fishing, and related activities","Thousands of dollars",0,0,0,0,0,0,0,0,0,0,0,0,0,0,0,0,0,0,0,0,0,0,0
 "30000","Montana",7,SAGDP5N,6,"21","  Mining, quarrying, and oil and gas extraction","Thousands of dollars",0,0,0,0,0,0,0,0,0,0,0,0,0,0,0,0,0,0,0,0,0,0,0
 "30000","Montana",7,SAGDP5N,7,"211","   Oil and gas extraction","Thousands of dollars",0,0,0,0,0,0,0,0,0,0,0,0,0,0,0,0,0,0,0,0,0,0,0
 "30000","Montana",7,SAGDP5N,8,"212","   Mining (except oil and gas)","Thousands of dollars",0,0,0,0,0,0,0,0,0,0,0,0,0,0,0,0,0,0,0,0,0,0,0
 "30000","Montana",7,SAGDP5N,9,"213","   Support activities for mining","Thousands of dollars",0,0,0,0,0,0,0,0,0,0,0,0,0,0,0,0,0,0,0,0,0,0,0
 "30000","Montana",7,SAGDP5N,10,"22","  Utilities","Thousands of dollars",0,0,0,0,0,0,0,0,0,0,0,0,0,0,0,0,0,0,0,0,0,0,0
 "30000","Montana",7,SAGDP5N,11,"23","  Construction","Thousands of dollars",0,0,0,0,0,0,0,0,0,0,0,0,0,0,0,0,0,0,0,0,0,0,0
 "30000","Montana",7,SAGDP5N,12,"31-33","  Manufacturing","Thousands of dollars",0,0,0,0,0,0,0,0,0,-3,-2,-32,-178,-1034,-720,-2275,-371,-1400,-64,-67,-60,-63,-70
 "30000","Montana",7,SAGDP5N,13,"321,327-339","   Durable goods manufacturing","Thousands of dollars",0,0,0,0,0,0,0,0,0,0,0,-30,-79,-206,-216,-148,-52,-41,-46,-48,-44,-46,-54
 "30000","Montana",7,SAGDP5N,14,"321","    Wood product manufacturing","Thousands of dollars",0,0,0,0,0,0,0,0,0,0,0,0,0,0,0,0,0,0,0,0,0,0,0
 "30000","Montana",7,SAGDP5N,15,"327","    Nonmetallic mineral product manufacturing","Thousands of dollars",0,0,0,0,0,0,0,0,0,0,0,0,0,0,0,0,0,0,0,0,0,0,0
 "30000","Montana",7,SAGDP5N,16,"331","    Primary metal manufacturing","Thousands of dollars",0,0,0,0,0,0,0,0,0,0,0,0,0,0,0,0,0,0,0,0,0,0,0
 "30000","Montana",7,SAGDP5N,17,"332","    Fabricated metal product manufacturing","Thousands of dollars",0,0,0,0,0,0,0,0,0,0,0,0,0,0,0,0,0,0,0,0,0,0,0
 "30000","Montana",7,SAGDP5N,18,"333","    Machinery manufacturing","Thousands of dollars",0,0,0,0,0,0,0,0,0,0,0,0,0,0,0,0,0,0,0,0,0,0,0
 "30000","Montana",7,SAGDP5N,19,"334","    Computer and electronic product manufacturing","Thousands of dollars",0,0,0,0,0,0,0,0,0,0,0,0,0,0,0,0,0,0,0,0,0,0,0
 "30000","Montana",7,SAGDP5N,20,"335","    Electrical equipment, appliance, and component manufacturing","Thousands of dollars",0,0,0,0,0,0,0,0,0,0,0,-30,-79,-206,-216,-148,-52,-41,-46,-48,-44,-46,-54
 "30000","Montana",7,SAGDP5N,21,"3361-3363","    Motor vehicles, bodies and trailers, and parts manufacturing","Thousands of dollars",0,0,0,0,0,0,0,0,0,0,0,0,0,0,0,0,0,0,0,0,0,0,0
 "30000","Montana",7,SAGDP5N,22,"3364-3369","    Other transportation equipment manufacturing","Thousands of dollars",0,0,0,0,0,0,0,0,0,0,0,0,0,0,0,0,0,0,0,0,0,0,0
 "30000","Montana",7,SAGDP5N,23,"337","    Furniture and related product manufacturing","Thousands of dollars",0,0,0,0,0,0,0,0,0,0,0,0,0,0,0,0,0,0,0,0,0,0,0
 "30000","Montana",7,SAGDP5N,24,"339","    Miscellaneous manufacturing","Thousands of dollars",0,0,0,0,0,0,0,0,0,0,0,0,0,0,0,0,0,0,0,0,0,0,0
 "30000","Montana",7,SAGDP5N,25,"311-316,322-326","   Nondurable goods manufacturing","Thousands of dollars",0,0,0,0,0,0,0,0,0,-3,-2,-2,-99,-828,-505,-2126,-320,-1359,-18,-19,-16,-17,-16
 "30000","Montana",7,SAGDP5N,26,"311-312","    Food and beverage and tobacco product manufacturing","Thousands of dollars",0,0,0,0,0,0,0,0,0,0,0,0,0,0,0,0,0,0,0,0,0,0,0
 "30000","Montana",7,SAGDP5N,27,"313-314","    Textile mills and textile product mills","Thousands of dollars",0,0,0,0,0,0,0,0,0,-3,-2,-2,-3,-2,-2,-2,-2,-2,-13,-14,-11,-12,-12
 "30000","Montana",7,SAGDP5N,28,"315-316","    Apparel, leather, and allied product manufacturing","Thousands of dollars",0,0,0,0,0,0,0,0,0,0,0,0,0,0,0,0,0,0,0,0,0,0,0
 "30000","Montana",7,SAGDP5N,29,"322","    Paper manufacturing","Thousands of dollars",0,0,0,0,0,0,0,0,0,0,0,0,0,0,0,0,0,0,0,0,0,0,0
 "30000","Montana",7,SAGDP5N,30,"323","    Printing and related support activities","Thousands of dollars",0,0,0,0,0,0,0,0,0,0,0,0,0,0,0,0,0,0,0,0,0,0,0
 "30000","Montana",7,SAGDP5N,31,"324","    Petroleum and coal products manufacturing","Thousands of dollars",0,0,0,0,0,0,0,0,0,0,0,0,-90,-818,-437,-2111,-301,-1342,0,0,0,0,0
 "30000","Montana",7,SAGDP5N,32,"325","    Chemical manufacturing","Thousands of dollars",0,0,0,0,0,0,0,0,0,0,0,0,-6,-7,-65,-14,-16,-14,-5,-5,-5,-5,-4
 "30000","Montana",7,SAGDP5N,33,"326","    Plastics and rubber products manufacturing","Thousands of dollars",0,0,0,0,0,0,0,0,0,0,0,0,0,0,0,0,0,0,0,0,0,0,0
 "30000","Montana",7,SAGDP5N,34,"42","  Wholesale trade","Thousands of dollars",0,0,0,0,0,0,0,0,0,0,0,0,0,0,0,0,0,0,0,0,0,0,0
 "30000","Montana",7,SAGDP5N,35,"44-45","  Retail trade","Thousands of dollars",0,0,0,0,0,0,0,0,0,0,0,0,-10144,-1078,-10,0,0,0,0,0,0,0,0
 "30000","Montana",7,SAGDP5N,36,"48-49","  Transportation and warehousing","Thousands of dollars",-2893,-2606,-3133,-3286,-10441,-3988,-7486,-4296,-5030,-5488,-4638,-5921,-6877,-8511,-5293,-4986,-4892,-3847,-3870,-4325,-5011,-5474,-5353
 "30000","Montana",7,SAGDP5N,37,"481","   Air transportation","Thousands of dollars",-31,2,0,-2,-7784,-248,-3893,-26,-94,-144,-146,-218,-265,-317,-365,-401,-362,-339,-372,-379,-368,-350,-444
 "30000","Montana",7,SAGDP5N,38,"482","   Rail transportation","Thousands of dollars",-2828,-2603,-3130,-3275,-2658,-3669,-3582,-4199,-4869,-5165,-4444,-5653,-6590,-8193,-4928,-4570,-4530,-3508,-3499,-3945,-4642,-5124,-4908
 "30000","Montana",7,SAGDP5N,39,"483","   Water transportation","Thousands of dollars",-34,-5,-4,-9,0,-71,0,0,0,0,-3,0,0,0,0,-16,0,0,0,0,-1,0,0
 "30000","Montana",7,SAGDP5N,40,"484","   Truck transportation","Thousands of dollars",0,0,0,0,0,0,-11,-71,-66,-178,-46,-50,-22,0,0,0,0,0,0,0,0,0,0
 "30000","Montana",7,SAGDP5N,41,"485","   Transit and ground passenger transportation","Thousands of dollars",0,0,0,0,0,0,0,0,0,0,0,0,0,0,0,0,0,0,0,0,0,0,0
 "30000","Montana",7,SAGDP5N,42,"486","   Pipeline transportation","Thousands of dollars",0,0,0,0,0,0,0,0,0,0,0,0,0,0,0,0,0,0,0,0,0,0,0
 "30000","Montana",7,SAGDP5N,43,"487-488, 492","   Other transportation and support activities","Thousands of dollars",0,0,0,0,0,0,0,0,0,0,0,0,0,0,0,0,0,0,0,0,0,0,0
 "30000","Montana",7,SAGDP5N,44,"493","   Warehousing and storage","Thousands of dollars",0,0,0,0,0,0,0,0,0,0,0,0,0,0,0,0,0,0,0,0,0,0,0
 "30000","Montana",7,SAGDP5N,45,"51","  Information","Thousands of dollars",0,0,0,0,0,0,0,0,0,0,0,0,-83,-242,-1066,-1502,-809,-176,-181,10,-22,-10,-11
 "30000","Montana",7,SAGDP5N,46,"511","   Publishing industries (except Internet)","Thousands of dollars",0,0,0,0,0,0,0,0,0,0,0,0,0,0,0,0,0,0,0,0,0,0,0
 "30000","Montana",7,SAGDP5N,47,"512","   Motion picture and sound recording industries","Thousands of dollars",0,0,0,0,0,0,0,0,0,0,0,0,0,0,0,0,0,0,0,0,0,0,0
 "30000","Montana",7,SAGDP5N,48,"515, 517","   Broadcasting (except Internet) and telecommunications","Thousands of dollars",0,0,0,0,0,0,0,0,0,0,0,0,-83,-242,-1066,-1502,-809,-176,-181,10,-22,-10,-11
 "30000","Montana",7,SAGDP5N,49,"518, 519","   Data processing, hosting, and other information services","Thousands of dollars",0,0,0,0,0,0,0,0,0,0,0,0,0,0,0,0,0,0,0,0,0,0,0
 "30000","Montana",7,SAGDP5N,50,"52, 53","  Finance, insurance, real estate, rental, and leasing","Thousands of dollars",-23505,-24742,-25561,-24604,-25299,-26218,-29723,-30360,-41377,-39510,-50647,-44041,-46475,-49196,-52149,-50872,-52111,-49822,-50632,-54918,-58373,-58199,-58632
 "30000","Montana",7,SAGDP5N,51,"52","   Finance and insurance","Thousands of dollars",-88,-104,-149,-159,-219,-232,-99,-93,-146,-86,-138,-290,-588,-1498,-1628,-1971,-1324,-1776,-1258,-1350,-1114,-983,-587
 "30000","Montana",7,SAGDP5N,52,"521-522","    Monetary Authorities- central bank, credit intermediation, and related services","Thousands of dollars",-88,-104,-149,-159,-219,-232,-99,-93,-146,-86,-138,-290,-588,-1498,-1628,-1971,-1324,-1776,-1258,-1350,-1114,-983,-587
 "30000","Montana",7,SAGDP5N,53,"523","    Securities, commodity contracts, and other financial investments and related activities","Thousands of dollars",0,0,0,0,0,0,0,0,0,0,0,0,0,0,0,0,0,0,0,0,0,0,0
 "30000","Montana",7,SAGDP5N,54,"524","    Insurance carriers and related activities","Thousands of dollars",0,0,0,0,0,0,0,0,0,0,0,0,0,0,0,0,0,0,0,0,0,0,0
 "30000","Montana",7,SAGDP5N,55,"525","    Funds, trusts, and other financial vehicles","Thousands of dollars",0,0,0,0,0,0,0,0,0,0,0,0,0,0,0,0,0,0,0,0,0,0,0
 "30000","Montana",7,SAGDP5N,56,"53","   Real estate and rental and leasing","Thousands of dollars",-23417,-24638,-25413,-24445,-25079,-25986,-29624,-30267,-41230,-39424,-50510,-43750,-45887,-47698,-50521,-48902,-50788,-48045,-49374,-53568,-57259,-57216,-58045
 "30000","Montana",7,SAGDP5N,57,"531","    Real estate","Thousands of dollars",-23417,-24638,-25413,-24445,-25079,-25986,-29624,-30267,-41230,-39424,-50510,-43750,-45887,-47698,-50521,-48902,-50788,-48045,-49374,-53568,-57259,-57216,-58045
 "30000","Montana",7,SAGDP5N,58,"532-533","    Rental and leasing services and lessors of nonfinancial intangible assets","Thousands of dollars",0,0,0,0,0,0,0,0,0,0,0,0,0,0,0,0,0,0,0,0,0,0,0
 "30000","Montana",7,SAGDP5N,59,"54, 55, 56","  Professional and business services","Thousands of dollars",0,0,0,0,0,0,0,0,0,0,0,0,0,0,0,0,0,0,0,0,0,0,0
 "30000","Montana",7,SAGDP5N,60,"54","   Professional, scientific, and technical services","Thousands of dollars",0,0,0,0,0,0,0,0,0,0,0,0,0,0,0,0,0,0,0,0,0,0,0
 "30000","Montana",7,SAGDP5N,61,"5411","    Legal services","Thousands of dollars",0,0,0,0,0,0,0,0,0,0,0,0,0,0,0,0,0,0,0,0,0,0,0
 "30000","Montana",7,SAGDP5N,62,"5415","    Computer systems design and related services","Thousands of dollars",0,0,0,0,0,0,0,0,0,0,0,0,0,0,0,0,0,0,0,0,0,0,0
 "30000","Montana",7,SAGDP5N,63,"5412-5414, 5416-5419","    Miscellaneous professional, scientific, and technical services","Thousands of dollars",0,0,0,0,0,0,0,0,0,0,0,0,0,0,0,0,0,0,0,0,0,0,0
 "30000","Montana",7,SAGDP5N,64,"55","   Management of companies and enterprises","Thousands of dollars",0,0,0,0,0,0,0,0,0,0,0,0,0,0,0,0,0,0,0,0,0,0,0
 "30000","Montana",7,SAGDP5N,65,"56","   Administrative and support and waste management and remediation services","Thousands of dollars",0,0,0,0,0,0,0,0,0,0,0,0,0,0,0,0,0,0,0,0,0,0,0
 "30000","Montana",7,SAGDP5N,66,"561","    Administrative and support services","Thousands of dollars",0,0,0,0,0,0,0,0,0,0,0,0,0,0,0,0,0,0,0,0,0,0,0
 "30000","Montana",7,SAGDP5N,67,"562","    Waste management and remediation services","Thousands of dollars",0,0,0,0,0,0,0,0,0,0,0,0,0,0,0,0,0,0,0,0,0,0,0
 "30000","Montana",7,SAGDP5N,68,"61, 62","  Educational services, health care, and social assistance","Thousands of dollars",0,0,0,0,0,0,0,0,0,0,0,0,0,-2303,-18604,-10962,-14441,-13601,-8275,-4956,-1777,-57,-58
 "30000","Montana",7,SAGDP5N,69,"61","   Educational services","Thousands of dollars",0,0,0,0,0,0,0,0,0,0,0,0,0,0,0,0,0,0,0,0,0,0,0
 "30000","Montana",7,SAGDP5N,70,"62","   Health care and social assistance","Thousands of dollars",0,0,0,0,0,0,0,0,0,0,0,0,0,-2303,-18604,-10962,-14441,-13601,-8275,-4956,-1777,-57,-58
 "30000","Montana",7,SAGDP5N,71,"621","    Ambulatory health care services","Thousands of dollars",0,0,0,0,0,0,0,0,0,0,0,0,0,0,0,0,0,0,0,0,0,0,0
 "30000","Montana",7,SAGDP5N,72,"622","    Hospitals","Thousands of dollars",0,0,0,0,0,0,0,0,0,0,0,0,0,-2303,-18604,-10962,-14441,-13601,-8275,-4956,-1777,-57,-58
 "30000","Montana",7,SAGDP5N,73,"623","    Nursing and residential care facilities","Thousands of dollars",0,0,0,0,0,0,0,0,0,0,0,0,0,0,0,0,0,0,0,0,0,0,0
 "30000","Montana",7,SAGDP5N,74,"624","    Social assistance","Thousands of dollars",0,0,0,0,0,0,0,0,0,0,0,0,0,0,0,0,0,0,0,0,0,0,0
 "30000","Montana",7,SAGDP5N,75,"71, 72","  Arts, entertainment, recreation, accommodation, and food services","Thousands of dollars",0,0,0,0,0,0,0,0,0,0,0,0,0,0,0,0,0,0,0,0,0,0,0
 "30000","Montana",7,SAGDP5N,76,"71","   Arts, entertainment, and recreation","Thousands of dollars",0,0,0,0,0,0,0,0,0,0,0,0,0,0,0,0,0,0,0,0,0,0,0
 "30000","Montana",7,SAGDP5N,77,"711-712","    Performing arts, spectator sports, museums, and related activities","Thousands of dollars",0,0,0,0,0,0,0,0,0,0,0,0,0,0,0,0,0,0,0,0,0,0,0
 "30000","Montana",7,SAGDP5N,78,"713","    Amusement, gambling, and recreation industries","Thousands of dollars",0,0,0,0,0,0,0,0,0,0,0,0,0,0,0,0,0,0,0,0,0,0,0
 "30000","Montana",7,SAGDP5N,79,"72","   Accommodation and food services","Thousands of dollars",0,0,0,0,0,0,0,0,0,0,0,0,0,0,0,0,0,0,0,0,0,0,0
 "30000","Montana",7,SAGDP5N,80,"721","    Accommodation","Thousands of dollars",0,0,0,0,0,0,0,0,0,0,0,0,0,0,0,0,0,0,0,0,0,0,0
 "30000","Montana",7,SAGDP5N,81,"722","    Food services and drinking places","Thousands of dollars",0,0,0,0,0,0,0,0,0,0,0,0,0,0,0,0,0,0,0,0,0,0,0
 "30000","Montana",7,SAGDP5N,82,"81","  Other services (except government and government enterprises)","Thousands of dollars",0,0,0,0,0,0,0,0,0,0,0,0,0,0,0,0,0,0,0,0,0,0,0
 "30000","Montana",7,SAGDP5N,83,"..."," Government and government enterprises","Thousands of dollars",-34425,-28326,-28821,-30980,-42910,-60029,-59215,-59611,-76222,-72854,-76477,-106903,-132417,-89273,-109572,-116260,-151644,-139989,-118949,-120170,-119631,-131950,-125956
 "30000","Montana",7,SAGDP5N,84,"...","  Federal civilian","Thousands of dollars",-17242,-15816,-15407,-18894,-28598,-41104,-39100,-38613,-55909,-50341,-56275,-87168,-108073,-58334,-81027,-93063,-128718,-116017,-93412,-98183,-98272,-108907,-102555
 "30000","Montana",7,SAGDP5N,85,"...","  Military","Thousands of dollars",0,0,0,0,0,0,0,0,0,0,0,0,0,0,0,0,0,0,0,0,0,0,0
 "30000","Montana",7,SAGDP5N,86,"...","  State and local","Thousands of dollars",-17183,-12510,-13415,-12086,-14312,-18925,-20115,-20998,-20313,-22512,-20202,-19734,-24344,-30939,-28545,-23196,-22926,-23972,-25537,-21986,-21360,-23043,-23402
 "30000","Montana",7,SAGDP5N,87,"11, 21","Natural resources and mining","Thousands of dollars",-195797,-306776,-424901,-421500,-424273,-227117,-305063,-241073,-327293,-235224,-230219,-248793,-218063,-277599,-252922,-197055,-202782,-121437,-103954,-195281,-307788,-294260,-313747
 "30000","Montana",7,SAGDP5N,88,"42, 44-45","Trade","Thousands of dollars",0,0,0,0,0,0,0,0,0,0,0,0,-10144,-1078,-10,0,0,0,0,0,0,0,0
 "30000","Montana",7,SAGDP5N,89,"...","Transportation and utilities","Thousands of dollars",-2893,-2606,-3133,-3286,-10441,-3988,-7486,-4296,-5030,-5488,-4638,-5921,-6877,-8511,-5293,-4986,-4892,-3847,-3870,-4325,-5011,-5474,-5353
 "30000","Montana",7,SAGDP5N,90,"...","Manufacturing and information","Thousands of dollars",0,0,0,0,0,0,0,0,0,-3,-2,-32,-261,-1276,-1786,-3777,-1181,-1576,-245,-57,-82,-73,-81
 "30000","Montana",7,SAGDP5N,91,"...","Private goods-producing industries 2/","Thousands of dollars",-195797,-306776,-424901,-421500,-424273,-227117,-305063,-241073,-327293,-235227,-230220,-248825,-218241,-278633,-253642,-199330,-203153,-122837,-104018,-195348,-307848,-294323,-313817
 "30000","Montana",7,SAGDP5N,92,"...","Private services-providing industries 3/","Thousands of dollars",-26398,-27348,-28695,-27890,-35740,-30206,-37209,-34656,-46406,-44998,-55286,-49961,-63579,-61330,-77122,-68322,-72254,-67446,-62958,-64190,-65183,-63740,-64054
"Note: See the included footnote file."
"SAGDP5N: Subsidies 1/"
"Last updated: October 2, 2020-- new statistics for 2018-2019; revised statistics for 1997-2017."
"Source: U.S. Department of Commerce / Bureau of Economic Analysis / Regional Economic Accounts"
