GeoFIPS,GeoName,Region,TableName,LineCode,IndustryClassification,Description,Unit,1997,1998,1999,2000,2001,2002,2003,2004,2005,2006,2007,2008,2009,2010,2011,2012,2013,2014,2015,2016,2017,2018,2019
 "53000","Washington",8,SAGDP5N,1,"...","All industry total","Thousands of dollars",-769884,-827559,-875573,-938749,-1034450,-937337,-1087774,-1034472,-1182192,-1072344,-1242729,-1197175,-1406321,-1409892,-1439308,-1344309,-1352895,-1308207,-1381005,-1547303,-1589334,-1669438,-1744783
 "53000","Washington",8,SAGDP5N,2,"..."," Private industries","Thousands of dollars",-468874,-578315,-609141,-673173,-741625,-582523,-713003,-643449,-763335,-691846,-806341,-745131,-833441,-872005,-856603,-793778,-776740,-710351,-772474,-863455,-880164,-902742,-960388
 "53000","Washington",8,SAGDP5N,3,"11","  Agriculture, forestry, fishing and hunting","Thousands of dollars",-124899,-221592,-233663,-303242,-266438,-187183,-227548,-168090,-205668,-167848,-165147,-169813,-161111,-266320,-195735,-167734,-154943,-93609,-164509,-193710,-174915,-169970,-218122
 "53000","Washington",8,SAGDP5N,4,"111-112","   Farms","Thousands of dollars",-124899,-221592,-233663,-303242,-266438,-187183,-227548,-168090,-205668,-167848,-165147,-169813,-161111,-266320,-195735,-167734,-154943,-93609,-164509,-193710,-174915,-169970,-218122
 "53000","Washington",8,SAGDP5N,5,"113-115","   Forestry, fishing, and related activities","Thousands of dollars",0,0,0,0,0,0,0,0,0,0,0,0,0,0,0,0,0,0,0,0,0,0,0
 "53000","Washington",8,SAGDP5N,6,"21","  Mining, quarrying, and oil and gas extraction","Thousands of dollars",0,0,0,0,0,0,0,0,0,0,0,0,0,0,0,0,0,0,0,0,0,0,0
 "53000","Washington",8,SAGDP5N,7,"211","   Oil and gas extraction","Thousands of dollars",0,0,0,0,0,0,0,0,0,0,0,0,0,0,0,0,0,0,0,0,0,0,0
 "53000","Washington",8,SAGDP5N,8,"212","   Mining (except oil and gas)","Thousands of dollars",0,0,0,0,0,0,0,0,0,0,0,0,0,0,0,0,0,0,0,0,0,0,0
 "53000","Washington",8,SAGDP5N,9,"213","   Support activities for mining","Thousands of dollars",0,0,0,0,0,0,0,0,0,0,0,0,0,0,0,0,0,0,0,0,0,0,0
 "53000","Washington",8,SAGDP5N,10,"22","  Utilities","Thousands of dollars",0,0,0,0,0,0,0,0,0,0,0,0,0,0,0,0,0,0,0,0,0,0,0
 "53000","Washington",8,SAGDP5N,11,"23","  Construction","Thousands of dollars",0,0,0,0,0,0,0,0,0,0,0,0,0,0,0,0,0,0,0,0,0,0,0
 "53000","Washington",8,SAGDP5N,12,"31-33","  Manufacturing","Thousands of dollars",0,0,0,0,0,0,0,0,0,-62,-40,-1561,-5062,-12148,-11047,-13015,-4474,-5215,-3127,-2981,-3013,-3150,-3642
 "53000","Washington",8,SAGDP5N,13,"321,327-339","   Durable goods manufacturing","Thousands of dollars",0,0,0,0,0,0,0,0,0,0,0,-1515,-4315,-7430,-9481,-8152,-3530,-2644,-2818,-2648,-2699,-2834,-3332
 "53000","Washington",8,SAGDP5N,14,"321","    Wood product manufacturing","Thousands of dollars",0,0,0,0,0,0,0,0,0,0,0,0,0,0,0,0,0,0,0,0,0,0,0
 "53000","Washington",8,SAGDP5N,15,"327","    Nonmetallic mineral product manufacturing","Thousands of dollars",0,0,0,0,0,0,0,0,0,0,0,0,0,0,0,0,0,0,0,0,0,0,0
 "53000","Washington",8,SAGDP5N,16,"331","    Primary metal manufacturing","Thousands of dollars",0,0,0,0,0,0,0,0,0,0,0,0,0,0,0,0,0,0,0,0,0,0,0
 "53000","Washington",8,SAGDP5N,17,"332","    Fabricated metal product manufacturing","Thousands of dollars",0,0,0,0,0,0,0,0,0,0,0,0,0,0,0,0,0,0,0,0,0,0,0
 "53000","Washington",8,SAGDP5N,18,"333","    Machinery manufacturing","Thousands of dollars",0,0,0,0,0,0,0,0,0,0,0,0,0,0,0,0,0,0,0,0,0,0,0
 "53000","Washington",8,SAGDP5N,19,"334","    Computer and electronic product manufacturing","Thousands of dollars",0,0,0,0,0,0,0,0,0,0,0,0,0,0,0,0,0,0,0,0,0,0,0
 "53000","Washington",8,SAGDP5N,20,"335","    Electrical equipment, appliance, and component manufacturing","Thousands of dollars",0,0,0,0,0,0,0,0,0,0,0,-1515,-4315,-7430,-9481,-8152,-3530,-2644,-2818,-2648,-2699,-2834,-3332
 "53000","Washington",8,SAGDP5N,21,"3361-3363","    Motor vehicles, bodies and trailers, and parts manufacturing","Thousands of dollars",0,0,0,0,0,0,0,0,0,0,0,0,0,0,0,0,0,0,0,0,0,0,0
 "53000","Washington",8,SAGDP5N,22,"3364-3369","    Other transportation equipment manufacturing","Thousands of dollars",0,0,0,0,0,0,0,0,0,0,0,0,0,0,0,0,0,0,0,0,0,0,0
 "53000","Washington",8,SAGDP5N,23,"337","    Furniture and related product manufacturing","Thousands of dollars",0,0,0,0,0,0,0,0,0,0,0,0,0,0,0,0,0,0,0,0,0,0,0
 "53000","Washington",8,SAGDP5N,24,"339","    Miscellaneous manufacturing","Thousands of dollars",0,0,0,0,0,0,0,0,0,0,0,0,0,0,0,0,0,0,0,0,0,0,0
 "53000","Washington",8,SAGDP5N,25,"311-316,322-326","   Nondurable goods manufacturing","Thousands of dollars",0,0,0,0,0,0,0,0,0,-62,-40,-47,-747,-4718,-1566,-4863,-944,-2571,-309,-333,-314,-316,-310
 "53000","Washington",8,SAGDP5N,26,"311-312","    Food and beverage and tobacco product manufacturing","Thousands of dollars",0,0,0,0,0,0,0,0,0,0,0,0,0,0,0,0,0,0,0,0,0,0,0
 "53000","Washington",8,SAGDP5N,27,"313-314","    Textile mills and textile product mills","Thousands of dollars",0,0,0,0,0,0,0,0,0,-62,-40,-47,-48,-44,-36,-44,-45,-44,-256,-277,-259,-257,-267
 "53000","Washington",8,SAGDP5N,28,"315-316","    Apparel, leather, and allied product manufacturing","Thousands of dollars",0,0,0,0,0,0,0,0,0,0,0,0,0,0,0,0,0,0,0,0,0,0,0
 "53000","Washington",8,SAGDP5N,29,"322","    Paper manufacturing","Thousands of dollars",0,0,0,0,0,0,0,0,0,0,0,0,0,0,0,0,0,0,0,0,0,0,0
 "53000","Washington",8,SAGDP5N,30,"323","    Printing and related support activities","Thousands of dollars",0,0,0,0,0,0,0,0,0,0,0,0,0,0,0,0,0,0,0,0,0,0,0
 "53000","Washington",8,SAGDP5N,31,"324","    Petroleum and coal products manufacturing","Thousands of dollars",0,0,0,0,0,0,0,0,0,0,0,0,-659,-4631,-1037,-4675,-757,-2387,0,0,0,0,0
 "53000","Washington",8,SAGDP5N,32,"325","    Chemical manufacturing","Thousands of dollars",0,0,0,0,0,0,0,0,0,0,0,0,-40,-43,-493,-144,-143,-140,-53,-57,-55,-59,-43
 "53000","Washington",8,SAGDP5N,33,"326","    Plastics and rubber products manufacturing","Thousands of dollars",0,0,0,0,0,0,0,0,0,0,0,0,0,0,0,0,0,0,0,0,0,0,0
 "53000","Washington",8,SAGDP5N,34,"42","  Wholesale trade","Thousands of dollars",0,0,0,0,0,0,0,0,0,0,0,0,0,0,0,0,0,0,0,0,0,0,0
 "53000","Washington",8,SAGDP5N,35,"44-45","  Retail trade","Thousands of dollars",0,0,0,0,0,0,0,0,0,0,0,0,-75559,-8341,-84,0,0,0,0,0,0,0,0
 "53000","Washington",8,SAGDP5N,36,"48-49","  Transportation and warehousing","Thousands of dollars",-28266,-21178,-23977,-28545,-145974,-62138,-106064,-86384,-65621,-70677,-55009,-55434,-77188,-80694,-62824,-65455,-49902,-44439,-44484,-52668,-54501,-61408,-60579
 "53000","Washington",8,SAGDP5N,37,"481","   Air transportation","Thousands of dollars",-448,22,0,-22,-112685,-3586,-56365,-381,-1367,-2084,-2107,-3160,-3832,-4594,-5289,-5805,-5244,-4908,-5379,-5491,-5334,-5065,-6432
 "53000","Washington",8,SAGDP5N,38,"482","   Rail transportation","Thousands of dollars",-20690,-18044,-22410,-25144,-22469,-33365,-31040,-34863,-39057,-37855,-33259,-40770,-54544,-68089,-48178,-39166,-38492,-36462,-37224,-39815,-46690,-55164,-52677
 "53000","Washington",8,SAGDP5N,39,"483","   Water transportation","Thousands of dollars",-7127,-3156,-1567,-3379,-10820,-25187,-18610,-50803,-24866,-29832,-19409,-11257,-18704,-8010,-9358,-20485,-6166,-3069,-1882,-7362,-2477,-1179,-1470
 "53000","Washington",8,SAGDP5N,40,"484","   Truck transportation","Thousands of dollars",0,0,0,0,0,0,-49,-337,-331,-906,-235,-248,-108,0,0,0,0,0,0,0,0,0,0
 "53000","Washington",8,SAGDP5N,41,"485","   Transit and ground passenger transportation","Thousands of dollars",0,0,0,0,0,0,0,0,0,0,0,0,0,0,0,0,0,0,0,0,0,0,0
 "53000","Washington",8,SAGDP5N,42,"486","   Pipeline transportation","Thousands of dollars",0,0,0,0,0,0,0,0,0,0,0,0,0,0,0,0,0,0,0,0,0,0,0
 "53000","Washington",8,SAGDP5N,43,"487-488, 492","   Other transportation and support activities","Thousands of dollars",0,0,0,0,0,0,0,0,0,0,0,0,0,0,0,0,0,0,0,0,0,0,0
 "53000","Washington",8,SAGDP5N,44,"493","   Warehousing and storage","Thousands of dollars",0,0,0,0,0,0,0,0,0,0,0,0,0,0,0,0,0,0,0,0,0,0,0
 "53000","Washington",8,SAGDP5N,45,"51","  Information","Thousands of dollars",0,0,0,0,0,0,0,0,0,0,0,0,-914,-2515,-10972,-16207,-8357,-2054,-2310,124,-281,-134,-162
 "53000","Washington",8,SAGDP5N,46,"511","   Publishing industries (except Internet)","Thousands of dollars",0,0,0,0,0,0,0,0,0,0,0,0,0,0,0,0,0,0,0,0,0,0,0
 "53000","Washington",8,SAGDP5N,47,"512","   Motion picture and sound recording industries","Thousands of dollars",0,0,0,0,0,0,0,0,0,0,0,0,0,0,0,0,0,0,0,0,0,0,0
 "53000","Washington",8,SAGDP5N,48,"515, 517","   Broadcasting (except Internet) and telecommunications","Thousands of dollars",0,0,0,0,0,0,0,0,0,0,0,0,-914,-2515,-10972,-16207,-8357,-2054,-2310,124,-281,-134,-162
 "53000","Washington",8,SAGDP5N,49,"518, 519","   Data processing, hosting, and other information services","Thousands of dollars",0,0,0,0,0,0,0,0,0,0,0,0,0,0,0,0,0,0,0,0,0,0,0
 "53000","Washington",8,SAGDP5N,50,"52, 53","  Finance, insurance, real estate, rental, and leasing","Thousands of dollars",-315710,-335544,-351501,-341386,-329213,-333202,-379392,-388974,-492046,-453259,-586146,-518323,-513606,-491430,-488002,-480701,-495750,-506024,-521718,-592414,-639646,-667825,-677622
 "53000","Washington",8,SAGDP5N,51,"52","   Finance and insurance","Thousands of dollars",-322,-516,-654,-569,-877,-1170,-521,-180,-405,-355,-585,-523,-1760,-3183,-4988,-6854,-4966,-6995,-4481,-6799,-6715,-6566,-6075
 "53000","Washington",8,SAGDP5N,52,"521-522","    Monetary Authorities- central bank, credit intermediation, and related services","Thousands of dollars",-322,-516,-654,-569,-877,-1170,-521,-180,-405,-355,-585,-523,-1760,-3183,-4988,-6854,-4966,-6995,-4481,-6799,-6715,-6566,-6075
 "53000","Washington",8,SAGDP5N,53,"523","    Securities, commodity contracts, and other financial investments and related activities","Thousands of dollars",0,0,0,0,0,0,0,0,0,0,0,0,0,0,0,0,0,0,0,0,0,0,0
 "53000","Washington",8,SAGDP5N,54,"524","    Insurance carriers and related activities","Thousands of dollars",0,0,0,0,0,0,0,0,0,0,0,0,0,0,0,0,0,0,0,0,0,0,0
 "53000","Washington",8,SAGDP5N,55,"525","    Funds, trusts, and other financial vehicles","Thousands of dollars",0,0,0,0,0,0,0,0,0,0,0,0,0,0,0,0,0,0,0,0,0,0,0
 "53000","Washington",8,SAGDP5N,56,"53","   Real estate and rental and leasing","Thousands of dollars",-315388,-335029,-350847,-340817,-328336,-332032,-378871,-388794,-491641,-452904,-585561,-517800,-511847,-488247,-483014,-473847,-490784,-499030,-517236,-585615,-632931,-661259,-671547
 "53000","Washington",8,SAGDP5N,57,"531","    Real estate","Thousands of dollars",-315388,-335029,-350847,-340817,-328336,-332032,-378871,-388794,-491641,-452904,-585561,-517800,-511847,-488247,-483014,-473847,-490784,-499030,-517236,-585615,-632931,-661259,-671547
 "53000","Washington",8,SAGDP5N,58,"532-533","    Rental and leasing services and lessors of nonfinancial intangible assets","Thousands of dollars",0,0,0,0,0,0,0,0,0,0,0,0,0,0,0,0,0,0,0,0,0,0,0
 "53000","Washington",8,SAGDP5N,59,"54, 55, 56","  Professional and business services","Thousands of dollars",0,0,0,0,0,0,0,0,0,0,0,0,0,0,0,0,0,0,0,0,0,0,0
 "53000","Washington",8,SAGDP5N,60,"54","   Professional, scientific, and technical services","Thousands of dollars",0,0,0,0,0,0,0,0,0,0,0,0,0,0,0,0,0,0,0,0,0,0,0
 "53000","Washington",8,SAGDP5N,61,"5411","    Legal services","Thousands of dollars",0,0,0,0,0,0,0,0,0,0,0,0,0,0,0,0,0,0,0,0,0,0,0
 "53000","Washington",8,SAGDP5N,62,"5415","    Computer systems design and related services","Thousands of dollars",0,0,0,0,0,0,0,0,0,0,0,0,0,0,0,0,0,0,0,0,0,0,0
 "53000","Washington",8,SAGDP5N,63,"5412-5414, 5416-5419","    Miscellaneous professional, scientific, and technical services","Thousands of dollars",0,0,0,0,0,0,0,0,0,0,0,0,0,0,0,0,0,0,0,0,0,0,0
 "53000","Washington",8,SAGDP5N,64,"55","   Management of companies and enterprises","Thousands of dollars",0,0,0,0,0,0,0,0,0,0,0,0,0,0,0,0,0,0,0,0,0,0,0
 "53000","Washington",8,SAGDP5N,65,"56","   Administrative and support and waste management and remediation services","Thousands of dollars",0,0,0,0,0,0,0,0,0,0,0,0,0,0,0,0,0,0,0,0,0,0,0
 "53000","Washington",8,SAGDP5N,66,"561","    Administrative and support services","Thousands of dollars",0,0,0,0,0,0,0,0,0,0,0,0,0,0,0,0,0,0,0,0,0,0,0
 "53000","Washington",8,SAGDP5N,67,"562","    Waste management and remediation services","Thousands of dollars",0,0,0,0,0,0,0,0,0,0,0,0,0,0,0,0,0,0,0,0,0,0,0
 "53000","Washington",8,SAGDP5N,68,"61, 62","  Educational services, health care, and social assistance","Thousands of dollars",0,0,0,0,0,0,0,0,0,0,0,0,0,-10557,-87939,-50666,-63314,-59010,-36326,-21806,-7809,-254,-261
 "53000","Washington",8,SAGDP5N,69,"61","   Educational services","Thousands of dollars",0,0,0,0,0,0,0,0,0,0,0,0,0,0,0,0,0,0,0,0,0,0,0
 "53000","Washington",8,SAGDP5N,70,"62","   Health care and social assistance","Thousands of dollars",0,0,0,0,0,0,0,0,0,0,0,0,0,-10557,-87939,-50666,-63314,-59010,-36326,-21806,-7809,-254,-261
 "53000","Washington",8,SAGDP5N,71,"621","    Ambulatory health care services","Thousands of dollars",0,0,0,0,0,0,0,0,0,0,0,0,0,0,0,0,0,0,0,0,0,0,0
 "53000","Washington",8,SAGDP5N,72,"622","    Hospitals","Thousands of dollars",0,0,0,0,0,0,0,0,0,0,0,0,0,-10557,-87939,-50666,-63314,-59010,-36326,-21806,-7809,-254,-261
 "53000","Washington",8,SAGDP5N,73,"623","    Nursing and residential care facilities","Thousands of dollars",0,0,0,0,0,0,0,0,0,0,0,0,0,0,0,0,0,0,0,0,0,0,0
 "53000","Washington",8,SAGDP5N,74,"624","    Social assistance","Thousands of dollars",0,0,0,0,0,0,0,0,0,0,0,0,0,0,0,0,0,0,0,0,0,0,0
 "53000","Washington",8,SAGDP5N,75,"71, 72","  Arts, entertainment, recreation, accommodation, and food services","Thousands of dollars",0,0,0,0,0,0,0,0,0,0,0,0,0,0,0,0,0,0,0,0,0,0,0
 "53000","Washington",8,SAGDP5N,76,"71","   Arts, entertainment, and recreation","Thousands of dollars",0,0,0,0,0,0,0,0,0,0,0,0,0,0,0,0,0,0,0,0,0,0,0
 "53000","Washington",8,SAGDP5N,77,"711-712","    Performing arts, spectator sports, museums, and related activities","Thousands of dollars",0,0,0,0,0,0,0,0,0,0,0,0,0,0,0,0,0,0,0,0,0,0,0
 "53000","Washington",8,SAGDP5N,78,"713","    Amusement, gambling, and recreation industries","Thousands of dollars",0,0,0,0,0,0,0,0,0,0,0,0,0,0,0,0,0,0,0,0,0,0,0
 "53000","Washington",8,SAGDP5N,79,"72","   Accommodation and food services","Thousands of dollars",0,0,0,0,0,0,0,0,0,0,0,0,0,0,0,0,0,0,0,0,0,0,0
 "53000","Washington",8,SAGDP5N,80,"721","    Accommodation","Thousands of dollars",0,0,0,0,0,0,0,0,0,0,0,0,0,0,0,0,0,0,0,0,0,0,0
 "53000","Washington",8,SAGDP5N,81,"722","    Food services and drinking places","Thousands of dollars",0,0,0,0,0,0,0,0,0,0,0,0,0,0,0,0,0,0,0,0,0,0,0
 "53000","Washington",8,SAGDP5N,82,"81","  Other services (except government and government enterprises)","Thousands of dollars",0,0,0,0,0,0,0,0,0,0,0,0,0,0,0,0,0,0,0,0,0,0,0
 "53000","Washington",8,SAGDP5N,83,"..."," Government and government enterprises","Thousands of dollars",-301010,-249243,-266432,-265576,-292825,-354813,-374771,-391023,-418856,-380498,-436388,-452044,-572880,-537887,-582705,-550531,-576155,-597856,-608531,-683849,-709170,-766697,-784395
 "53000","Washington",8,SAGDP5N,84,"...","  Federal civilian","Thousands of dollars",-11668,-11952,-13892,-16549,-20648,-24160,-24437,-21827,-31042,-29279,-28177,-32911,-64337,-42561,-49288,-58788,-82105,-92362,-78621,-88846,-92513,-97636,-104935
 "53000","Washington",8,SAGDP5N,85,"...","  Military","Thousands of dollars",0,0,0,0,0,0,0,0,0,0,0,0,0,0,0,0,0,0,0,0,0,0,0
 "53000","Washington",8,SAGDP5N,86,"...","  State and local","Thousands of dollars",-289342,-237291,-252540,-249027,-272177,-330653,-350334,-369197,-387815,-351219,-408211,-419133,-508543,-495326,-533416,-491743,-494050,-505494,-529910,-595003,-616657,-669060,-679460
 "53000","Washington",8,SAGDP5N,87,"11, 21","Natural resources and mining","Thousands of dollars",-124899,-221592,-233663,-303242,-266438,-187183,-227548,-168090,-205668,-167848,-165147,-169813,-161111,-266320,-195735,-167734,-154943,-93609,-164509,-193710,-174915,-169970,-218122
 "53000","Washington",8,SAGDP5N,88,"42, 44-45","Trade","Thousands of dollars",0,0,0,0,0,0,0,0,0,0,0,0,-75559,-8341,-84,0,0,0,0,0,0,0,0
 "53000","Washington",8,SAGDP5N,89,"...","Transportation and utilities","Thousands of dollars",-28266,-21178,-23977,-28545,-145974,-62138,-106064,-86384,-65621,-70677,-55009,-55434,-77188,-80694,-62824,-65455,-49902,-44439,-44484,-52668,-54501,-61408,-60579
 "53000","Washington",8,SAGDP5N,90,"...","Manufacturing and information","Thousands of dollars",0,0,0,0,0,0,0,0,0,-62,-40,-1561,-5976,-14663,-22019,-29222,-12831,-7269,-5437,-2857,-3294,-3284,-3804
 "53000","Washington",8,SAGDP5N,91,"...","Private goods-producing industries 2/","Thousands of dollars",-124899,-221592,-233663,-303242,-266438,-187183,-227548,-168090,-205668,-167910,-165187,-171374,-166173,-278467,-206782,-180748,-159417,-98823,-167636,-196691,-177928,-173120,-221764
 "53000","Washington",8,SAGDP5N,92,"...","Private services-providing industries 3/","Thousands of dollars",-343976,-356723,-375478,-369931,-475187,-395340,-485455,-475359,-557667,-523936,-641155,-573757,-667267,-593538,-649822,-613029,-617323,-611527,-604839,-666763,-702236,-729622,-738624
"Note: See the included footnote file."
"SAGDP5N: Subsidies 1/"
"Last updated: October 2, 2020-- new statistics for 2018-2019; revised statistics for 1997-2017."
"Source: U.S. Department of Commerce / Bureau of Economic Analysis / Regional Economic Accounts"
