GeoFIPS,GeoName,Region,TableName,LineCode,IndustryClassification,Description,Unit,1997,1998,1999,2000,2001,2002,2003,2004,2005,2006,2007,2008,2009,2010,2011,2012,2013,2014,2015,2016,2017,2018,2019
 "47000","Tennessee",5,SAGDP5N,1,"...","All industry total","Thousands of dollars",-373608,-404459,-497306,-558677,-699938,-523807,-591157,-533934,-892674,-690361,-769454,-671554,-854162,-755731,-893638,-835412,-798823,-745862,-668036,-723502,-747064,-733869,-939593
 "47000","Tennessee",5,SAGDP5N,2,"..."," Private industries","Thousands of dollars",-246336,-305109,-394747,-449511,-581237,-382768,-444131,-381124,-729045,-539669,-591285,-476442,-599548,-494809,-602169,-594054,-535629,-482679,-415173,-466288,-493598,-475984,-677424
 "47000","Tennessee",5,SAGDP5N,3,"11","  Agriculture, forestry, fishing and hunting","Thousands of dollars",-64629,-113031,-196196,-258551,-283065,-173680,-164211,-136006,-436708,-278740,-273673,-189331,-222466,-130103,-118770,-145148,-119769,-92689,-50522,-93211,-123258,-119946,-318159
 "47000","Tennessee",5,SAGDP5N,4,"111-112","   Farms","Thousands of dollars",-64629,-113031,-196196,-258551,-283065,-173680,-164211,-136006,-436708,-278740,-273673,-189331,-222466,-130103,-118770,-145148,-119769,-92689,-50522,-93211,-123258,-119946,-318159
 "47000","Tennessee",5,SAGDP5N,5,"113-115","   Forestry, fishing, and related activities","Thousands of dollars",0,0,0,0,0,0,0,0,0,0,0,0,0,0,0,0,0,0,0,0,0,0,0
 "47000","Tennessee",5,SAGDP5N,6,"21","  Mining, quarrying, and oil and gas extraction","Thousands of dollars",0,0,0,0,0,0,0,0,0,0,0,0,0,0,0,0,0,0,0,0,0,0,0
 "47000","Tennessee",5,SAGDP5N,7,"211","   Oil and gas extraction","Thousands of dollars",0,0,0,0,0,0,0,0,0,0,0,0,0,0,0,0,0,0,0,0,0,0,0
 "47000","Tennessee",5,SAGDP5N,8,"212","   Mining (except oil and gas)","Thousands of dollars",0,0,0,0,0,0,0,0,0,0,0,0,0,0,0,0,0,0,0,0,0,0,0
 "47000","Tennessee",5,SAGDP5N,9,"213","   Support activities for mining","Thousands of dollars",0,0,0,0,0,0,0,0,0,0,0,0,0,0,0,0,0,0,0,0,0,0,0
 "47000","Tennessee",5,SAGDP5N,10,"22","  Utilities","Thousands of dollars",0,0,0,0,0,0,0,0,0,0,0,0,0,0,0,0,0,0,0,0,0,0,0
 "47000","Tennessee",5,SAGDP5N,11,"23","  Construction","Thousands of dollars",0,0,0,0,0,0,0,0,0,0,0,0,0,0,0,0,0,0,0,0,0,0,0
 "47000","Tennessee",5,SAGDP5N,12,"31-33","  Manufacturing","Thousands of dollars",0,0,0,0,0,0,0,0,0,-350,-150,-6431,-19714,-48415,-67528,-62386,-27687,-22175,-21360,-19340,-19222,-17852,-19116
 "47000","Tennessee",5,SAGDP5N,13,"321,327-339","   Durable goods manufacturing","Thousands of dollars",0,0,0,0,0,0,0,0,0,0,0,-6269,-19227,-47498,-64863,-60271,-26296,-19775,-20257,-18225,-18152,-16697,-18085
 "47000","Tennessee",5,SAGDP5N,14,"321","    Wood product manufacturing","Thousands of dollars",0,0,0,0,0,0,0,0,0,0,0,0,0,0,0,0,0,0,0,0,0,0,0
 "47000","Tennessee",5,SAGDP5N,15,"327","    Nonmetallic mineral product manufacturing","Thousands of dollars",0,0,0,0,0,0,0,0,0,0,0,0,0,0,0,0,0,0,0,0,0,0,0
 "47000","Tennessee",5,SAGDP5N,16,"331","    Primary metal manufacturing","Thousands of dollars",0,0,0,0,0,0,0,0,0,0,0,0,0,0,0,0,0,0,0,0,0,0,0
 "47000","Tennessee",5,SAGDP5N,17,"332","    Fabricated metal product manufacturing","Thousands of dollars",0,0,0,0,0,0,0,0,0,0,0,0,0,0,0,0,0,0,0,0,0,0,0
 "47000","Tennessee",5,SAGDP5N,18,"333","    Machinery manufacturing","Thousands of dollars",0,0,0,0,0,0,0,0,0,0,0,0,0,0,0,0,0,0,0,0,0,0,0
 "47000","Tennessee",5,SAGDP5N,19,"334","    Computer and electronic product manufacturing","Thousands of dollars",0,0,0,0,0,0,0,0,0,0,0,0,0,0,0,0,0,0,0,0,0,0,0
 "47000","Tennessee",5,SAGDP5N,20,"335","    Electrical equipment, appliance, and component manufacturing","Thousands of dollars",0,0,0,0,0,0,0,0,0,0,0,-6269,-19227,-47498,-64863,-60271,-26296,-19775,-20257,-18225,-18152,-16697,-18085
 "47000","Tennessee",5,SAGDP5N,21,"3361-3363","    Motor vehicles, bodies and trailers, and parts manufacturing","Thousands of dollars",0,0,0,0,0,0,0,0,0,0,0,0,0,0,0,0,0,0,0,0,0,0,0
 "47000","Tennessee",5,SAGDP5N,22,"3364-3369","    Other transportation equipment manufacturing","Thousands of dollars",0,0,0,0,0,0,0,0,0,0,0,0,0,0,0,0,0,0,0,0,0,0,0
 "47000","Tennessee",5,SAGDP5N,23,"337","    Furniture and related product manufacturing","Thousands of dollars",0,0,0,0,0,0,0,0,0,0,0,0,0,0,0,0,0,0,0,0,0,0,0
 "47000","Tennessee",5,SAGDP5N,24,"339","    Miscellaneous manufacturing","Thousands of dollars",0,0,0,0,0,0,0,0,0,0,0,0,0,0,0,0,0,0,0,0,0,0,0
 "47000","Tennessee",5,SAGDP5N,25,"311-316,322-326","   Nondurable goods manufacturing","Thousands of dollars",0,0,0,0,0,0,0,0,0,-350,-150,-162,-487,-916,-2666,-2115,-1391,-2400,-1103,-1114,-1071,-1154,-1031
 "47000","Tennessee",5,SAGDP5N,26,"311-312","    Food and beverage and tobacco product manufacturing","Thousands of dollars",0,0,0,0,0,0,0,0,0,0,0,0,0,0,0,0,0,0,0,0,0,0,0
 "47000","Tennessee",5,SAGDP5N,27,"313-314","    Textile mills and textile product mills","Thousands of dollars",0,0,0,0,0,0,0,0,0,-350,-150,-162,-168,-119,-110,-113,-150,-142,-817,-850,-829,-908,-865
 "47000","Tennessee",5,SAGDP5N,28,"315-316","    Apparel, leather, and allied product manufacturing","Thousands of dollars",0,0,0,0,0,0,0,0,0,0,0,0,0,0,0,0,0,0,0,0,0,0,0
 "47000","Tennessee",5,SAGDP5N,29,"322","    Paper manufacturing","Thousands of dollars",0,0,0,0,0,0,0,0,0,0,0,0,0,0,0,0,0,0,0,0,0,0,0
 "47000","Tennessee",5,SAGDP5N,30,"323","    Printing and related support activities","Thousands of dollars",0,0,0,0,0,0,0,0,0,0,0,0,0,0,0,0,0,0,0,0,0,0,0
 "47000","Tennessee",5,SAGDP5N,31,"324","    Petroleum and coal products manufacturing","Thousands of dollars",0,0,0,0,0,0,0,0,0,0,0,0,-104,-529,-160,-1147,-203,-1387,0,0,0,0,0
 "47000","Tennessee",5,SAGDP5N,32,"325","    Chemical manufacturing","Thousands of dollars",0,0,0,0,0,0,0,0,0,0,0,0,-216,-269,-2396,-855,-1038,-871,-287,-265,-242,-246,-166
 "47000","Tennessee",5,SAGDP5N,33,"326","    Plastics and rubber products manufacturing","Thousands of dollars",0,0,0,0,0,0,0,0,0,0,0,0,0,0,0,0,0,0,0,0,0,0,0
 "47000","Tennessee",5,SAGDP5N,34,"42","  Wholesale trade","Thousands of dollars",0,0,0,0,0,0,0,0,0,0,0,0,0,0,0,0,0,0,0,0,0,0,0
 "47000","Tennessee",5,SAGDP5N,35,"44-45","  Retail trade","Thousands of dollars",0,0,0,0,0,0,0,0,0,0,0,0,-61497,-6821,-67,0,0,0,0,0,0,0,0
 "47000","Tennessee",5,SAGDP5N,36,"48-49","  Transportation and warehousing","Thousands of dollars",-2358,-1393,-1299,-1658,-109887,-11780,-60021,-19342,-13328,-18884,-12279,-10863,-16135,-12321,-13781,-23343,-11584,-8847,-8541,-11703,-9071,-8506,-9447
 "47000","Tennessee",5,SAGDP5N,37,"481","   Air transportation","Thousands of dollars",-420,21,0,-21,-105569,-3359,-52805,-357,-1281,-1953,-1974,-2960,-3590,-4304,-4955,-5438,-4913,-4598,-5039,-5144,-4997,-4745,-6026
 "47000","Tennessee",5,SAGDP5N,38,"482","   Rail transportation","Thousands of dollars",-1123,-896,-1034,-1197,-1217,-1297,-1355,-1644,-1701,-1564,-1534,-1927,-2462,-3425,-2633,-2326,-2423,-2169,-2340,-2383,-2820,-3112,-2623
 "47000","Tennessee",5,SAGDP5N,39,"483","   Water transportation","Thousands of dollars",-815,-518,-266,-440,-3101,-7124,-5744,-16556,-9594,-13376,-8274,-5462,-9872,-4591,-6193,-15579,-4249,-2079,-1161,-4176,-1254,-648,-798
 "47000","Tennessee",5,SAGDP5N,40,"484","   Truck transportation","Thousands of dollars",0,0,0,0,0,0,-117,-785,-752,-1992,-497,-513,-211,0,0,0,0,0,0,0,0,0,0
 "47000","Tennessee",5,SAGDP5N,41,"485","   Transit and ground passenger transportation","Thousands of dollars",0,0,0,0,0,0,0,0,0,0,0,0,0,0,0,0,0,0,0,0,0,0,0
 "47000","Tennessee",5,SAGDP5N,42,"486","   Pipeline transportation","Thousands of dollars",0,0,0,0,0,0,0,0,0,0,0,0,0,0,0,0,0,0,0,0,0,0,0
 "47000","Tennessee",5,SAGDP5N,43,"487-488, 492","   Other transportation and support activities","Thousands of dollars",0,0,0,0,0,0,0,0,0,0,0,0,0,0,0,0,0,0,0,0,0,0,0
 "47000","Tennessee",5,SAGDP5N,44,"493","   Warehousing and storage","Thousands of dollars",0,0,0,0,0,0,0,0,0,0,0,0,0,0,0,0,0,0,0,0,0,0,0
 "47000","Tennessee",5,SAGDP5N,45,"51","  Information","Thousands of dollars",0,0,0,0,0,0,0,0,0,0,0,0,-504,-1397,-6139,-8739,-4595,-1130,-1146,60,-132,-67,-66
 "47000","Tennessee",5,SAGDP5N,46,"511","   Publishing industries (except Internet)","Thousands of dollars",0,0,0,0,0,0,0,0,0,0,0,0,0,0,0,0,0,0,0,0,0,0,0
 "47000","Tennessee",5,SAGDP5N,47,"512","   Motion picture and sound recording industries","Thousands of dollars",0,0,0,0,0,0,0,0,0,0,0,0,0,0,0,0,0,0,0,0,0,0,0
 "47000","Tennessee",5,SAGDP5N,48,"515, 517","   Broadcasting (except Internet) and telecommunications","Thousands of dollars",0,0,0,0,0,0,0,0,0,0,0,0,-504,-1397,-6139,-8739,-4595,-1130,-1146,60,-132,-67,-66
 "47000","Tennessee",5,SAGDP5N,49,"518, 519","   Data processing, hosting, and other information services","Thousands of dollars",0,0,0,0,0,0,0,0,0,0,0,0,0,0,0,0,0,0,0,0,0,0,0
 "47000","Tennessee",5,SAGDP5N,50,"52, 53","  Finance, insurance, real estate, rental, and leasing","Thousands of dollars",-179349,-190684,-197251,-189302,-188285,-197308,-219899,-225776,-279009,-241695,-305181,-269817,-279232,-282671,-289280,-291828,-297456,-291560,-293070,-319231,-333802,-329359,-330387
 "47000","Tennessee",5,SAGDP5N,51,"52","   Finance and insurance","Thousands of dollars",-929,-1060,-1499,-1530,-1956,-2273,-966,-595,-842,-488,-680,-1204,-2343,-5503,-7273,-9869,-6949,-9874,-5949,-8126,-7492,-6938,-5514
 "47000","Tennessee",5,SAGDP5N,52,"521-522","    Monetary Authorities- central bank, credit intermediation, and related services","Thousands of dollars",-929,-1060,-1499,-1530,-1956,-2273,-966,-595,-842,-488,-680,-1204,-2343,-5503,-7273,-9869,-6949,-9874,-5949,-8126,-7492,-6938,-5514
 "47000","Tennessee",5,SAGDP5N,53,"523","    Securities, commodity contracts, and other financial investments and related activities","Thousands of dollars",0,0,0,0,0,0,0,0,0,0,0,0,0,0,0,0,0,0,0,0,0,0,0
 "47000","Tennessee",5,SAGDP5N,54,"524","    Insurance carriers and related activities","Thousands of dollars",0,0,0,0,0,0,0,0,0,0,0,0,0,0,0,0,0,0,0,0,0,0,0
 "47000","Tennessee",5,SAGDP5N,55,"525","    Funds, trusts, and other financial vehicles","Thousands of dollars",0,0,0,0,0,0,0,0,0,0,0,0,0,0,0,0,0,0,0,0,0,0,0
 "47000","Tennessee",5,SAGDP5N,56,"53","   Real estate and rental and leasing","Thousands of dollars",-178420,-189624,-195752,-187772,-186330,-195036,-218933,-225181,-278166,-241207,-304501,-268613,-276889,-277168,-282007,-281959,-290507,-281686,-287120,-311104,-326311,-322421,-324872
 "47000","Tennessee",5,SAGDP5N,57,"531","    Real estate","Thousands of dollars",-178420,-189624,-195752,-187772,-186330,-195036,-218933,-225181,-278166,-241207,-304501,-268613,-276889,-277168,-282007,-281959,-290507,-281686,-287120,-311104,-326311,-322421,-324872
 "47000","Tennessee",5,SAGDP5N,58,"532-533","    Rental and leasing services and lessors of nonfinancial intangible assets","Thousands of dollars",0,0,0,0,0,0,0,0,0,0,0,0,0,0,0,0,0,0,0,0,0,0,0
 "47000","Tennessee",5,SAGDP5N,59,"54, 55, 56","  Professional and business services","Thousands of dollars",0,0,0,0,0,0,0,0,0,0,0,0,0,0,0,0,0,0,0,0,0,0,0
 "47000","Tennessee",5,SAGDP5N,60,"54","   Professional, scientific, and technical services","Thousands of dollars",0,0,0,0,0,0,0,0,0,0,0,0,0,0,0,0,0,0,0,0,0,0,0
 "47000","Tennessee",5,SAGDP5N,61,"5411","    Legal services","Thousands of dollars",0,0,0,0,0,0,0,0,0,0,0,0,0,0,0,0,0,0,0,0,0,0,0
 "47000","Tennessee",5,SAGDP5N,62,"5415","    Computer systems design and related services","Thousands of dollars",0,0,0,0,0,0,0,0,0,0,0,0,0,0,0,0,0,0,0,0,0,0,0
 "47000","Tennessee",5,SAGDP5N,63,"5412-5414, 5416-5419","    Miscellaneous professional, scientific, and technical services","Thousands of dollars",0,0,0,0,0,0,0,0,0,0,0,0,0,0,0,0,0,0,0,0,0,0,0
 "47000","Tennessee",5,SAGDP5N,64,"55","   Management of companies and enterprises","Thousands of dollars",0,0,0,0,0,0,0,0,0,0,0,0,0,0,0,0,0,0,0,0,0,0,0
 "47000","Tennessee",5,SAGDP5N,65,"56","   Administrative and support and waste management and remediation services","Thousands of dollars",0,0,0,0,0,0,0,0,0,0,0,0,0,0,0,0,0,0,0,0,0,0,0
 "47000","Tennessee",5,SAGDP5N,66,"561","    Administrative and support services","Thousands of dollars",0,0,0,0,0,0,0,0,0,0,0,0,0,0,0,0,0,0,0,0,0,0,0
 "47000","Tennessee",5,SAGDP5N,67,"562","    Waste management and remediation services","Thousands of dollars",0,0,0,0,0,0,0,0,0,0,0,0,0,0,0,0,0,0,0,0,0,0,0
 "47000","Tennessee",5,SAGDP5N,68,"61, 62","  Educational services, health care, and social assistance","Thousands of dollars",0,0,0,0,0,0,0,0,0,0,0,0,0,-13081,-106603,-62611,-74537,-66279,-40535,-22863,-8112,-255,-248
 "47000","Tennessee",5,SAGDP5N,69,"61","   Educational services","Thousands of dollars",0,0,0,0,0,0,0,0,0,0,0,0,0,0,0,0,0,0,0,0,0,0,0
 "47000","Tennessee",5,SAGDP5N,70,"62","   Health care and social assistance","Thousands of dollars",0,0,0,0,0,0,0,0,0,0,0,0,0,-13081,-106603,-62611,-74537,-66279,-40535,-22863,-8112,-255,-248
 "47000","Tennessee",5,SAGDP5N,71,"621","    Ambulatory health care services","Thousands of dollars",0,0,0,0,0,0,0,0,0,0,0,0,0,0,0,0,0,0,0,0,0,0,0
 "47000","Tennessee",5,SAGDP5N,72,"622","    Hospitals","Thousands of dollars",0,0,0,0,0,0,0,0,0,0,0,0,0,-13081,-106603,-62611,-74537,-66279,-40535,-22863,-8112,-255,-248
 "47000","Tennessee",5,SAGDP5N,73,"623","    Nursing and residential care facilities","Thousands of dollars",0,0,0,0,0,0,0,0,0,0,0,0,0,0,0,0,0,0,0,0,0,0,0
 "47000","Tennessee",5,SAGDP5N,74,"624","    Social assistance","Thousands of dollars",0,0,0,0,0,0,0,0,0,0,0,0,0,0,0,0,0,0,0,0,0,0,0
 "47000","Tennessee",5,SAGDP5N,75,"71, 72","  Arts, entertainment, recreation, accommodation, and food services","Thousands of dollars",0,0,0,0,0,0,0,0,0,0,0,0,0,0,0,0,0,0,0,0,0,0,0
 "47000","Tennessee",5,SAGDP5N,76,"71","   Arts, entertainment, and recreation","Thousands of dollars",0,0,0,0,0,0,0,0,0,0,0,0,0,0,0,0,0,0,0,0,0,0,0
 "47000","Tennessee",5,SAGDP5N,77,"711-712","    Performing arts, spectator sports, museums, and related activities","Thousands of dollars",0,0,0,0,0,0,0,0,0,0,0,0,0,0,0,0,0,0,0,0,0,0,0
 "47000","Tennessee",5,SAGDP5N,78,"713","    Amusement, gambling, and recreation industries","Thousands of dollars",0,0,0,0,0,0,0,0,0,0,0,0,0,0,0,0,0,0,0,0,0,0,0
 "47000","Tennessee",5,SAGDP5N,79,"72","   Accommodation and food services","Thousands of dollars",0,0,0,0,0,0,0,0,0,0,0,0,0,0,0,0,0,0,0,0,0,0,0
 "47000","Tennessee",5,SAGDP5N,80,"721","    Accommodation","Thousands of dollars",0,0,0,0,0,0,0,0,0,0,0,0,0,0,0,0,0,0,0,0,0,0,0
 "47000","Tennessee",5,SAGDP5N,81,"722","    Food services and drinking places","Thousands of dollars",0,0,0,0,0,0,0,0,0,0,0,0,0,0,0,0,0,0,0,0,0,0,0
 "47000","Tennessee",5,SAGDP5N,82,"81","  Other services (except government and government enterprises)","Thousands of dollars",0,0,0,0,0,0,0,0,0,0,0,0,0,0,0,0,0,0,0,0,0,0,0
 "47000","Tennessee",5,SAGDP5N,83,"..."," Government and government enterprises","Thousands of dollars",-127272,-99350,-102559,-109165,-118701,-141039,-147027,-152810,-163629,-150692,-178169,-195112,-254614,-260922,-291469,-241358,-263194,-263183,-252863,-257214,-253466,-257885,-262169
 "47000","Tennessee",5,SAGDP5N,84,"...","  Federal civilian","Thousands of dollars",-8304,-9373,-13267,-18701,-20265,-19636,-19535,-20638,-21938,-19775,-24469,-40297,-49127,-37147,-52844,-52254,-76212,-80486,-61970,-64372,-72387,-62889,-64142
 "47000","Tennessee",5,SAGDP5N,85,"...","  Military","Thousands of dollars",0,0,0,0,0,0,0,0,0,0,0,0,0,0,0,0,0,0,0,0,0,0,0
 "47000","Tennessee",5,SAGDP5N,86,"...","  State and local","Thousands of dollars",-118969,-89977,-89292,-90464,-98436,-121403,-127492,-132172,-141691,-130917,-153700,-154815,-205487,-223775,-238625,-189104,-186982,-182697,-190893,-192842,-181079,-194996,-198027
 "47000","Tennessee",5,SAGDP5N,87,"11, 21","Natural resources and mining","Thousands of dollars",-64629,-113031,-196196,-258551,-283065,-173680,-164211,-136006,-436708,-278740,-273673,-189331,-222466,-130103,-118770,-145148,-119769,-92689,-50522,-93211,-123258,-119946,-318159
 "47000","Tennessee",5,SAGDP5N,88,"42, 44-45","Trade","Thousands of dollars",0,0,0,0,0,0,0,0,0,0,0,0,-61497,-6821,-67,0,0,0,0,0,0,0,0
 "47000","Tennessee",5,SAGDP5N,89,"...","Transportation and utilities","Thousands of dollars",-2358,-1393,-1299,-1658,-109887,-11780,-60021,-19342,-13328,-18884,-12279,-10863,-16135,-12321,-13781,-23343,-11584,-8847,-8541,-11703,-9071,-8506,-9447
 "47000","Tennessee",5,SAGDP5N,90,"...","Manufacturing and information","Thousands of dollars",0,0,0,0,0,0,0,0,0,-350,-150,-6431,-20219,-49811,-73668,-71124,-32282,-23305,-22506,-19280,-19354,-17919,-19183
 "47000","Tennessee",5,SAGDP5N,91,"...","Private goods-producing industries 2/","Thousands of dollars",-64629,-113031,-196196,-258551,-283065,-173680,-164211,-136006,-436708,-279090,-273824,-195763,-242180,-178518,-186298,-207534,-147456,-114864,-71882,-112550,-142481,-137797,-337276
 "47000","Tennessee",5,SAGDP5N,92,"...","Private services-providing industries 3/","Thousands of dollars",-181707,-192077,-198551,-190960,-298172,-209089,-279920,-245118,-292337,-260579,-317461,-280680,-357368,-316290,-415871,-386520,-388173,-367815,-343291,-353738,-351118,-338187,-340148
"Note: See the included footnote file."
"SAGDP5N: Subsidies 1/"
"Last updated: October 2, 2020-- new statistics for 2018-2019; revised statistics for 1997-2017."
"Source: U.S. Department of Commerce / Bureau of Economic Analysis / Regional Economic Accounts"
