GeoFIPS,GeoName,Region,TableName,LineCode,IndustryClassification,Description,Unit,1997,1998,1999,2000,2001,2002,2003,2004,2005,2006,2007,2008,2009,2010,2011,2012,2013,2014,2015,2016,2017,2018,2019
 "32000","Nevada",8,SAGDP5N,1,"...","All industry total","Thousands of dollars",-156162,-156231,-166605,-164826,-304451,-213197,-296778,-251285,-310270,-264027,-330198,-301113,-324231,-275651,-301448,-267150,-271162,-331201,-336788,-342430,-327226,-354133,-386553
 "32000","Nevada",8,SAGDP5N,2,"..."," Private industries","Thousands of dollars",-100985,-106950,-113526,-111373,-239001,-126250,-206896,-159289,-226199,-197292,-248277,-206895,-219129,-189444,-203726,-188979,-190726,-220996,-222771,-225808,-221325,-230586,-243166
 "32000","Nevada",8,SAGDP5N,3,"11","  Agriculture, forestry, fishing and hunting","Thousands of dollars",-1809,-2275,-2311,-3368,-5225,-9785,-10229,-5573,-10052,-7364,-9188,-11195,-9501,-8274,-8776,-10605,-7732,-32994,-28990,-18080,-7628,-12659,-14869
 "32000","Nevada",8,SAGDP5N,4,"111-112","   Farms","Thousands of dollars",-1809,-2275,-2311,-3368,-5225,-9785,-10229,-5573,-10052,-7364,-9188,-11195,-9501,-8274,-8776,-10605,-7732,-32994,-28990,-18080,-7628,-12659,-14869
 "32000","Nevada",8,SAGDP5N,5,"113-115","   Forestry, fishing, and related activities","Thousands of dollars",0,0,0,0,0,0,0,0,0,0,0,0,0,0,0,0,0,0,0,0,0,0,0
 "32000","Nevada",8,SAGDP5N,6,"21","  Mining, quarrying, and oil and gas extraction","Thousands of dollars",0,0,0,0,0,0,0,0,0,0,0,0,0,0,0,0,0,0,0,0,0,0,0
 "32000","Nevada",8,SAGDP5N,7,"211","   Oil and gas extraction","Thousands of dollars",0,0,0,0,0,0,0,0,0,0,0,0,0,0,0,0,0,0,0,0,0,0,0
 "32000","Nevada",8,SAGDP5N,8,"212","   Mining (except oil and gas)","Thousands of dollars",0,0,0,0,0,0,0,0,0,0,0,0,0,0,0,0,0,0,0,0,0,0,0
 "32000","Nevada",8,SAGDP5N,9,"213","   Support activities for mining","Thousands of dollars",0,0,0,0,0,0,0,0,0,0,0,0,0,0,0,0,0,0,0,0,0,0,0
 "32000","Nevada",8,SAGDP5N,10,"22","  Utilities","Thousands of dollars",0,0,0,0,0,0,0,0,0,0,0,0,0,0,0,0,0,0,0,0,0,0,0
 "32000","Nevada",8,SAGDP5N,11,"23","  Construction","Thousands of dollars",0,0,0,0,0,0,0,0,0,0,0,0,0,0,0,0,0,0,0,0,0,0,0
 "32000","Nevada",8,SAGDP5N,12,"31-33","  Manufacturing","Thousands of dollars",0,0,0,0,0,0,0,0,0,-18,-11,-175,-441,-988,-1756,-1043,-1269,-1032,-990,-883,-2108,-4320,-6024
 "32000","Nevada",8,SAGDP5N,13,"321,327-339","   Durable goods manufacturing","Thousands of dollars",0,0,0,0,0,0,0,0,0,0,0,-162,-402,-900,-1609,-870,-1195,-870,-947,-774,-2015,-4226,-5963
 "32000","Nevada",8,SAGDP5N,14,"321","    Wood product manufacturing","Thousands of dollars",0,0,0,0,0,0,0,0,0,0,0,0,0,0,0,0,0,0,0,0,0,0,0
 "32000","Nevada",8,SAGDP5N,15,"327","    Nonmetallic mineral product manufacturing","Thousands of dollars",0,0,0,0,0,0,0,0,0,0,0,0,0,0,0,0,0,0,0,0,0,0,0
 "32000","Nevada",8,SAGDP5N,16,"331","    Primary metal manufacturing","Thousands of dollars",0,0,0,0,0,0,0,0,0,0,0,0,0,0,0,0,0,0,0,0,0,0,0
 "32000","Nevada",8,SAGDP5N,17,"332","    Fabricated metal product manufacturing","Thousands of dollars",0,0,0,0,0,0,0,0,0,0,0,0,0,0,0,0,0,0,0,0,0,0,0
 "32000","Nevada",8,SAGDP5N,18,"333","    Machinery manufacturing","Thousands of dollars",0,0,0,0,0,0,0,0,0,0,0,0,0,0,0,0,0,0,0,0,0,0,0
 "32000","Nevada",8,SAGDP5N,19,"334","    Computer and electronic product manufacturing","Thousands of dollars",0,0,0,0,0,0,0,0,0,0,0,0,0,0,0,0,0,0,0,0,0,0,0
 "32000","Nevada",8,SAGDP5N,20,"335","    Electrical equipment, appliance, and component manufacturing","Thousands of dollars",0,0,0,0,0,0,0,0,0,0,0,-162,-402,-900,-1609,-870,-1195,-870,-947,-774,-2015,-4226,-5963
 "32000","Nevada",8,SAGDP5N,21,"3361-3363","    Motor vehicles, bodies and trailers, and parts manufacturing","Thousands of dollars",0,0,0,0,0,0,0,0,0,0,0,0,0,0,0,0,0,0,0,0,0,0,0
 "32000","Nevada",8,SAGDP5N,22,"3364-3369","    Other transportation equipment manufacturing","Thousands of dollars",0,0,0,0,0,0,0,0,0,0,0,0,0,0,0,0,0,0,0,0,0,0,0
 "32000","Nevada",8,SAGDP5N,23,"337","    Furniture and related product manufacturing","Thousands of dollars",0,0,0,0,0,0,0,0,0,0,0,0,0,0,0,0,0,0,0,0,0,0,0
 "32000","Nevada",8,SAGDP5N,24,"339","    Miscellaneous manufacturing","Thousands of dollars",0,0,0,0,0,0,0,0,0,0,0,0,0,0,0,0,0,0,0,0,0,0,0
 "32000","Nevada",8,SAGDP5N,25,"311-316,322-326","   Nondurable goods manufacturing","Thousands of dollars",0,0,0,0,0,0,0,0,0,-18,-11,-13,-38,-87,-147,-173,-74,-162,-43,-109,-93,-94,-61
 "32000","Nevada",8,SAGDP5N,26,"311-312","    Food and beverage and tobacco product manufacturing","Thousands of dollars",0,0,0,0,0,0,0,0,0,0,0,0,0,0,0,0,0,0,0,0,0,0,0
 "32000","Nevada",8,SAGDP5N,27,"313-314","    Textile mills and textile product mills","Thousands of dollars",0,0,0,0,0,0,0,0,0,-18,-11,-13,-14,-10,-10,-11,-11,-10,-29,-92,-77,-76,-48
 "32000","Nevada",8,SAGDP5N,28,"315-316","    Apparel, leather, and allied product manufacturing","Thousands of dollars",0,0,0,0,0,0,0,0,0,0,0,0,0,0,0,0,0,0,0,0,0,0,0
 "32000","Nevada",8,SAGDP5N,29,"322","    Paper manufacturing","Thousands of dollars",0,0,0,0,0,0,0,0,0,0,0,0,0,0,0,0,0,0,0,0,0,0,0
 "32000","Nevada",8,SAGDP5N,30,"323","    Printing and related support activities","Thousands of dollars",0,0,0,0,0,0,0,0,0,0,0,0,0,0,0,0,0,0,0,0,0,0,0
 "32000","Nevada",8,SAGDP5N,31,"324","    Petroleum and coal products manufacturing","Thousands of dollars",0,0,0,0,0,0,0,0,0,0,0,0,-12,-65,-22,-127,-18,-106,0,0,0,0,0
 "32000","Nevada",8,SAGDP5N,32,"325","    Chemical manufacturing","Thousands of dollars",0,0,0,0,0,0,0,0,0,0,0,0,-12,-12,-116,-35,-44,-47,-14,-17,-16,-18,-13
 "32000","Nevada",8,SAGDP5N,33,"326","    Plastics and rubber products manufacturing","Thousands of dollars",0,0,0,0,0,0,0,0,0,0,0,0,0,0,0,0,0,0,0,0,0,0,0
 "32000","Nevada",8,SAGDP5N,34,"42","  Wholesale trade","Thousands of dollars",0,0,0,0,0,0,0,0,0,0,0,0,0,0,0,0,0,0,0,0,0,0,0
 "32000","Nevada",8,SAGDP5N,35,"44-45","  Retail trade","Thousands of dollars",0,0,0,0,0,0,0,0,0,0,0,0,-25051,-2657,-26,0,0,0,0,0,0,0,0
 "32000","Nevada",8,SAGDP5N,36,"48-49","  Transportation and warehousing","Thousands of dollars",-1769,-1626,-2024,-1920,-130911,-6701,-66847,-3365,-4375,-5376,-4348,-5818,-7290,-9117,-8955,-9196,-8548,-7767,-8470,-9066,-9136,-9326,-10946
 "32000","Nevada",8,SAGDP5N,37,"481","   Air transportation","Thousands of dollars",-512,26,0,-26,-128704,-4096,-64378,-435,-1561,-2381,-2406,-3609,-4377,-5247,-6041,-6630,-5990,-5606,-6143,-6271,-6092,-5785,-7346
 "32000","Nevada",8,SAGDP5N,38,"482","   Rail transportation","Thousands of dollars",-1250,-1643,-2019,-1884,-2171,-2530,-2378,-2596,-2614,-2567,-1757,-2096,-2815,-3611,-2656,-2185,-2470,-2126,-2310,-2748,-3031,-3533,-3598
 "32000","Nevada",8,SAGDP5N,39,"483","   Water transportation","Thousands of dollars",-6,-9,-5,-11,-36,-75,-77,-234,-100,-152,-115,-41,-67,-258,-257,-381,-88,-35,-17,-47,-13,-8,-2
 "32000","Nevada",8,SAGDP5N,40,"484","   Truck transportation","Thousands of dollars",0,0,0,0,0,0,-14,-100,-100,-276,-70,-73,-30,0,0,0,0,0,0,0,0,0,0
 "32000","Nevada",8,SAGDP5N,41,"485","   Transit and ground passenger transportation","Thousands of dollars",0,0,0,0,0,0,0,0,0,0,0,0,0,0,0,0,0,0,0,0,0,0,0
 "32000","Nevada",8,SAGDP5N,42,"486","   Pipeline transportation","Thousands of dollars",0,0,0,0,0,0,0,0,0,0,0,0,0,0,0,0,0,0,0,0,0,0,0
 "32000","Nevada",8,SAGDP5N,43,"487-488, 492","   Other transportation and support activities","Thousands of dollars",0,0,0,0,0,0,0,0,0,0,0,0,0,0,0,0,0,0,0,0,0,0,0
 "32000","Nevada",8,SAGDP5N,44,"493","   Warehousing and storage","Thousands of dollars",0,0,0,0,0,0,0,0,0,0,0,0,0,0,0,0,0,0,0,0,0,0,0
 "32000","Nevada",8,SAGDP5N,45,"51","  Information","Thousands of dollars",0,0,0,0,0,0,0,0,0,0,0,0,-188,-524,-2246,-3234,-1597,-385,-395,21,-48,-22,-27
 "32000","Nevada",8,SAGDP5N,46,"511","   Publishing industries (except Internet)","Thousands of dollars",0,0,0,0,0,0,0,0,0,0,0,0,0,0,0,0,0,0,0,0,0,0,0
 "32000","Nevada",8,SAGDP5N,47,"512","   Motion picture and sound recording industries","Thousands of dollars",0,0,0,0,0,0,0,0,0,0,0,0,0,0,0,0,0,0,0,0,0,0,0
 "32000","Nevada",8,SAGDP5N,48,"515, 517","   Broadcasting (except Internet) and telecommunications","Thousands of dollars",0,0,0,0,0,0,0,0,0,0,0,0,-188,-524,-2246,-3234,-1597,-385,-395,21,-48,-22,-27
 "32000","Nevada",8,SAGDP5N,49,"518, 519","   Data processing, hosting, and other information services","Thousands of dollars",0,0,0,0,0,0,0,0,0,0,0,0,0,0,0,0,0,0,0,0,0,0,0
 "32000","Nevada",8,SAGDP5N,50,"52, 53","  Finance, insurance, real estate, rental, and leasing","Thousands of dollars",-97407,-103048,-109191,-106085,-102865,-109763,-129819,-150351,-211772,-184535,-234730,-189707,-176658,-164500,-154631,-149144,-152042,-160031,-172609,-190960,-200008,-204180,-211220
 "32000","Nevada",8,SAGDP5N,51,"52","   Finance and insurance","Thousands of dollars",-389,-533,-896,-1173,-1549,-1910,-827,-862,-1269,-1716,-360,-887,-860,-3088,-2092,-1796,-6404,-11482,-8776,-10267,-3948,-3146,-9181
 "32000","Nevada",8,SAGDP5N,52,"521-522","    Monetary Authorities- central bank, credit intermediation, and related services","Thousands of dollars",-389,-533,-896,-1173,-1549,-1910,-827,-862,-1269,-1716,-360,-887,-860,-3088,-2092,-1796,-6404,-11482,-8776,-10267,-3948,-3146,-9181
 "32000","Nevada",8,SAGDP5N,53,"523","    Securities, commodity contracts, and other financial investments and related activities","Thousands of dollars",0,0,0,0,0,0,0,0,0,0,0,0,0,0,0,0,0,0,0,0,0,0,0
 "32000","Nevada",8,SAGDP5N,54,"524","    Insurance carriers and related activities","Thousands of dollars",0,0,0,0,0,0,0,0,0,0,0,0,0,0,0,0,0,0,0,0,0,0,0
 "32000","Nevada",8,SAGDP5N,55,"525","    Funds, trusts, and other financial vehicles","Thousands of dollars",0,0,0,0,0,0,0,0,0,0,0,0,0,0,0,0,0,0,0,0,0,0,0
 "32000","Nevada",8,SAGDP5N,56,"53","   Real estate and rental and leasing","Thousands of dollars",-97018,-102515,-108296,-104912,-101316,-107853,-128992,-149488,-210503,-182819,-234370,-188820,-175798,-161412,-152539,-147348,-145638,-148548,-163833,-180694,-196059,-201034,-202040
 "32000","Nevada",8,SAGDP5N,57,"531","    Real estate","Thousands of dollars",-97018,-102515,-108296,-104912,-101316,-107853,-128992,-149488,-210503,-182819,-234370,-188820,-175798,-161412,-152539,-147348,-145638,-148548,-163833,-180694,-196059,-201034,-202040
 "32000","Nevada",8,SAGDP5N,58,"532-533","    Rental and leasing services and lessors of nonfinancial intangible assets","Thousands of dollars",0,0,0,0,0,0,0,0,0,0,0,0,0,0,0,0,0,0,0,0,0,0,0
 "32000","Nevada",8,SAGDP5N,59,"54, 55, 56","  Professional and business services","Thousands of dollars",0,0,0,0,0,0,0,0,0,0,0,0,0,0,0,0,0,0,0,0,0,0,0
 "32000","Nevada",8,SAGDP5N,60,"54","   Professional, scientific, and technical services","Thousands of dollars",0,0,0,0,0,0,0,0,0,0,0,0,0,0,0,0,0,0,0,0,0,0,0
 "32000","Nevada",8,SAGDP5N,61,"5411","    Legal services","Thousands of dollars",0,0,0,0,0,0,0,0,0,0,0,0,0,0,0,0,0,0,0,0,0,0,0
 "32000","Nevada",8,SAGDP5N,62,"5415","    Computer systems design and related services","Thousands of dollars",0,0,0,0,0,0,0,0,0,0,0,0,0,0,0,0,0,0,0,0,0,0,0
 "32000","Nevada",8,SAGDP5N,63,"5412-5414, 5416-5419","    Miscellaneous professional, scientific, and technical services","Thousands of dollars",0,0,0,0,0,0,0,0,0,0,0,0,0,0,0,0,0,0,0,0,0,0,0
 "32000","Nevada",8,SAGDP5N,64,"55","   Management of companies and enterprises","Thousands of dollars",0,0,0,0,0,0,0,0,0,0,0,0,0,0,0,0,0,0,0,0,0,0,0
 "32000","Nevada",8,SAGDP5N,65,"56","   Administrative and support and waste management and remediation services","Thousands of dollars",0,0,0,0,0,0,0,0,0,0,0,0,0,0,0,0,0,0,0,0,0,0,0
 "32000","Nevada",8,SAGDP5N,66,"561","    Administrative and support services","Thousands of dollars",0,0,0,0,0,0,0,0,0,0,0,0,0,0,0,0,0,0,0,0,0,0,0
 "32000","Nevada",8,SAGDP5N,67,"562","    Waste management and remediation services","Thousands of dollars",0,0,0,0,0,0,0,0,0,0,0,0,0,0,0,0,0,0,0,0,0,0,0
 "32000","Nevada",8,SAGDP5N,68,"61, 62","  Educational services, health care, and social assistance","Thousands of dollars",0,0,0,0,0,0,0,0,0,0,0,0,0,-3385,-27337,-15757,-19537,-18787,-11317,-6839,-2398,-80,-80
 "32000","Nevada",8,SAGDP5N,69,"61","   Educational services","Thousands of dollars",0,0,0,0,0,0,0,0,0,0,0,0,0,0,0,0,0,0,0,0,0,0,0
 "32000","Nevada",8,SAGDP5N,70,"62","   Health care and social assistance","Thousands of dollars",0,0,0,0,0,0,0,0,0,0,0,0,0,-3385,-27337,-15757,-19537,-18787,-11317,-6839,-2398,-80,-80
 "32000","Nevada",8,SAGDP5N,71,"621","    Ambulatory health care services","Thousands of dollars",0,0,0,0,0,0,0,0,0,0,0,0,0,0,0,0,0,0,0,0,0,0,0
 "32000","Nevada",8,SAGDP5N,72,"622","    Hospitals","Thousands of dollars",0,0,0,0,0,0,0,0,0,0,0,0,0,-3385,-27337,-15757,-19537,-18787,-11317,-6839,-2398,-80,-80
 "32000","Nevada",8,SAGDP5N,73,"623","    Nursing and residential care facilities","Thousands of dollars",0,0,0,0,0,0,0,0,0,0,0,0,0,0,0,0,0,0,0,0,0,0,0
 "32000","Nevada",8,SAGDP5N,74,"624","    Social assistance","Thousands of dollars",0,0,0,0,0,0,0,0,0,0,0,0,0,0,0,0,0,0,0,0,0,0,0
 "32000","Nevada",8,SAGDP5N,75,"71, 72","  Arts, entertainment, recreation, accommodation, and food services","Thousands of dollars",0,0,0,0,0,0,0,0,0,0,0,0,0,0,0,0,0,0,0,0,0,0,0
 "32000","Nevada",8,SAGDP5N,76,"71","   Arts, entertainment, and recreation","Thousands of dollars",0,0,0,0,0,0,0,0,0,0,0,0,0,0,0,0,0,0,0,0,0,0,0
 "32000","Nevada",8,SAGDP5N,77,"711-712","    Performing arts, spectator sports, museums, and related activities","Thousands of dollars",0,0,0,0,0,0,0,0,0,0,0,0,0,0,0,0,0,0,0,0,0,0,0
 "32000","Nevada",8,SAGDP5N,78,"713","    Amusement, gambling, and recreation industries","Thousands of dollars",0,0,0,0,0,0,0,0,0,0,0,0,0,0,0,0,0,0,0,0,0,0,0
 "32000","Nevada",8,SAGDP5N,79,"72","   Accommodation and food services","Thousands of dollars",0,0,0,0,0,0,0,0,0,0,0,0,0,0,0,0,0,0,0,0,0,0,0
 "32000","Nevada",8,SAGDP5N,80,"721","    Accommodation","Thousands of dollars",0,0,0,0,0,0,0,0,0,0,0,0,0,0,0,0,0,0,0,0,0,0,0
 "32000","Nevada",8,SAGDP5N,81,"722","    Food services and drinking places","Thousands of dollars",0,0,0,0,0,0,0,0,0,0,0,0,0,0,0,0,0,0,0,0,0,0,0
 "32000","Nevada",8,SAGDP5N,82,"81","  Other services (except government and government enterprises)","Thousands of dollars",0,0,0,0,0,0,0,0,0,0,0,0,0,0,0,0,0,0,0,0,0,0,0
 "32000","Nevada",8,SAGDP5N,83,"..."," Government and government enterprises","Thousands of dollars",-55177,-49281,-53079,-53452,-65450,-86947,-89882,-91996,-84071,-66735,-81921,-94218,-105102,-86207,-97721,-78171,-80436,-110205,-114017,-116622,-105901,-123546,-143387
 "32000","Nevada",8,SAGDP5N,84,"...","  Federal civilian","Thousands of dollars",-93,-52,-45,-51,-100,-793,-1164,-962,-580,-465,-412,-433,-1436,-1142,-1211,-1432,-3114,-5449,-6024,-6431,-5471,-14903,-33055
 "32000","Nevada",8,SAGDP5N,85,"...","  Military","Thousands of dollars",0,0,0,0,0,0,0,0,0,0,0,0,0,0,0,0,0,0,0,0,0,0,0
 "32000","Nevada",8,SAGDP5N,86,"...","  State and local","Thousands of dollars",-55084,-49228,-53034,-53402,-65350,-86154,-88718,-91034,-83490,-66270,-81509,-93785,-103666,-85065,-96510,-76739,-77322,-104756,-107993,-110191,-100430,-108643,-110332
 "32000","Nevada",8,SAGDP5N,87,"11, 21","Natural resources and mining","Thousands of dollars",-1809,-2275,-2311,-3368,-5225,-9785,-10229,-5573,-10052,-7364,-9188,-11195,-9501,-8274,-8776,-10605,-7732,-32994,-28990,-18080,-7628,-12659,-14869
 "32000","Nevada",8,SAGDP5N,88,"42, 44-45","Trade","Thousands of dollars",0,0,0,0,0,0,0,0,0,0,0,0,-25051,-2657,-26,0,0,0,0,0,0,0,0
 "32000","Nevada",8,SAGDP5N,89,"...","Transportation and utilities","Thousands of dollars",-1769,-1626,-2024,-1920,-130911,-6701,-66847,-3365,-4375,-5376,-4348,-5818,-7290,-9117,-8955,-9196,-8548,-7767,-8470,-9066,-9136,-9326,-10946
 "32000","Nevada",8,SAGDP5N,90,"...","Manufacturing and information","Thousands of dollars",0,0,0,0,0,0,0,0,0,-18,-11,-175,-628,-1511,-4002,-4277,-2865,-1417,-1385,-863,-2155,-4342,-6051
 "32000","Nevada",8,SAGDP5N,91,"...","Private goods-producing industries 2/","Thousands of dollars",-1809,-2275,-2311,-3368,-5225,-9785,-10229,-5573,-10052,-7382,-9199,-11370,-9942,-9262,-10532,-11648,-9001,-34026,-29980,-18963,-9735,-16979,-20893
 "32000","Nevada",8,SAGDP5N,92,"...","Private services-providing industries 3/","Thousands of dollars",-99176,-104674,-111215,-108006,-233776,-116464,-196666,-153715,-216148,-189911,-239078,-195525,-209187,-180182,-193194,-177331,-181725,-186970,-192791,-206845,-211590,-213608,-222273
"Note: See the included footnote file."
"SAGDP5N: Subsidies 1/"
"Last updated: October 2, 2020-- new statistics for 2018-2019; revised statistics for 1997-2017."
"Source: U.S. Department of Commerce / Bureau of Economic Analysis / Regional Economic Accounts"
