GeoFIPS,GeoName,Region,TableName,LineCode,IndustryClassification,Description,Unit,1997,1998,1999,2000,2001,2002,2003,2004,2005,2006,2007,2008,2009,2010,2011,2012,2013,2014,2015,2016,2017,2018,2019
 "91000","New England",1,SAGDP5N,1,"...","All industry total","Thousands of dollars",-1615971,-1551325,-1613653,-1602393,-1756734,-1884139,-2135700,-2197263,-2471015,-2346733,-2573424,-2453368,-2875037,-2885401,-2841089,-3044409,-3011965,-2997500,-2929367,-3062926,-2870043,-2958246,-3011070
 "91000","New England",1,SAGDP5N,2,"..."," Private industries","Thousands of dollars",-793926,-803243,-860741,-880410,-992577,-972576,-1151867,-1153547,-1420951,-1291805,-1507282,-1389648,-1665321,-1682242,-1910721,-1712413,-1681483,-1587089,-1470651,-1503227,-1490753,-1467257,-1496890
 "91000","New England",1,SAGDP5N,3,"11","  Agriculture, forestry, fishing and hunting","Thousands of dollars",-9223,-14590,-41091,-64505,-32506,-56731,-60755,-41508,-69350,-57303,-54846,-58852,-92922,-111938,-70657,-73058,-52852,-35086,-34182,-43125,-37019,-53648,-66181
 "91000","New England",1,SAGDP5N,4,"111-112","   Farms","Thousands of dollars",-9223,-14590,-41091,-64505,-32506,-56731,-60755,-41508,-69350,-57303,-54846,-58852,-92922,-111938,-70657,-73058,-52852,-35086,-34182,-43125,-37019,-53648,-66181
 "91000","New England",1,SAGDP5N,5,"113-115","   Forestry, fishing, and related activities","Thousands of dollars",0,0,0,0,0,0,0,0,0,0,0,0,0,0,0,0,0,0,0,0,0,0,0
 "91000","New England",1,SAGDP5N,6,"21","  Mining, quarrying, and oil and gas extraction","Thousands of dollars",0,0,0,0,0,0,0,0,0,0,0,0,0,0,0,0,0,0,0,0,0,0,0
 "91000","New England",1,SAGDP5N,7,"211","   Oil and gas extraction","Thousands of dollars",0,0,0,0,0,0,0,0,0,0,0,0,0,0,0,0,0,0,0,0,0,0,0
 "91000","New England",1,SAGDP5N,8,"212","   Mining (except oil and gas)","Thousands of dollars",0,0,0,0,0,0,0,0,0,0,0,0,0,0,0,0,0,0,0,0,0,0,0
 "91000","New England",1,SAGDP5N,9,"213","   Support activities for mining","Thousands of dollars",0,0,0,0,0,0,0,0,0,0,0,0,0,0,0,0,0,0,0,0,0,0,0
 "91000","New England",1,SAGDP5N,10,"22","  Utilities","Thousands of dollars",0,0,0,0,0,0,0,0,0,0,0,0,0,0,0,0,0,0,0,0,0,0,0
 "91000","New England",1,SAGDP5N,11,"23","  Construction","Thousands of dollars",0,0,0,0,0,0,0,0,0,0,0,0,0,0,0,0,0,0,0,0,0,0,0
 "91000","New England",1,SAGDP5N,12,"31-33","  Manufacturing","Thousands of dollars",0,0,0,0,0,0,0,0,0,-486,-247,-9505,-25628,-71689,-91446,-61194,-31522,-24471,-20449,-18560,-17380,-16773,-19039
 "91000","New England",1,SAGDP5N,13,"321,327-339","   Durable goods manufacturing","Thousands of dollars",0,0,0,0,0,0,0,0,0,0,0,-9233,-24638,-70210,-87038,-58702,-29575,-21735,-18252,-16492,-15453,-14863,-17325
 "91000","New England",1,SAGDP5N,14,"321","    Wood product manufacturing","Thousands of dollars",0,0,0,0,0,0,0,0,0,0,0,0,0,0,0,0,0,0,0,0,0,0,0
 "91000","New England",1,SAGDP5N,15,"327","    Nonmetallic mineral product manufacturing","Thousands of dollars",0,0,0,0,0,0,0,0,0,0,0,0,0,0,0,0,0,0,0,0,0,0,0
 "91000","New England",1,SAGDP5N,16,"331","    Primary metal manufacturing","Thousands of dollars",0,0,0,0,0,0,0,0,0,0,0,0,0,0,0,0,0,0,0,0,0,0,0
 "91000","New England",1,SAGDP5N,17,"332","    Fabricated metal product manufacturing","Thousands of dollars",0,0,0,0,0,0,0,0,0,0,0,0,0,0,0,0,0,0,0,0,0,0,0
 "91000","New England",1,SAGDP5N,18,"333","    Machinery manufacturing","Thousands of dollars",0,0,0,0,0,0,0,0,0,0,0,0,0,0,0,0,0,0,0,0,0,0,0
 "91000","New England",1,SAGDP5N,19,"334","    Computer and electronic product manufacturing","Thousands of dollars",0,0,0,0,0,0,0,0,0,0,0,0,0,0,0,0,0,0,0,0,0,0,0
 "91000","New England",1,SAGDP5N,20,"335","    Electrical equipment, appliance, and component manufacturing","Thousands of dollars",0,0,0,0,0,0,0,0,0,0,0,-9233,-24638,-70210,-87038,-58702,-29575,-21735,-18252,-16492,-15453,-14863,-17325
 "91000","New England",1,SAGDP5N,21,"3361-3363","    Motor vehicles, bodies and trailers, and parts manufacturing","Thousands of dollars",0,0,0,0,0,0,0,0,0,0,0,0,0,0,0,0,0,0,0,0,0,0,0
 "91000","New England",1,SAGDP5N,22,"3364-3369","    Other transportation equipment manufacturing","Thousands of dollars",0,0,0,0,0,0,0,0,0,0,0,0,0,0,0,0,0,0,0,0,0,0,0
 "91000","New England",1,SAGDP5N,23,"337","    Furniture and related product manufacturing","Thousands of dollars",0,0,0,0,0,0,0,0,0,0,0,0,0,0,0,0,0,0,0,0,0,0,0
 "91000","New England",1,SAGDP5N,24,"339","    Miscellaneous manufacturing","Thousands of dollars",0,0,0,0,0,0,0,0,0,0,0,0,0,0,0,0,0,0,0,0,0,0,0
 "91000","New England",1,SAGDP5N,25,"311-316,322-326","   Nondurable goods manufacturing","Thousands of dollars",0,0,0,0,0,0,0,0,0,-486,-247,-272,-990,-1480,-4409,-2492,-1947,-2736,-2197,-2067,-1926,-1910,-1714
 "91000","New England",1,SAGDP5N,26,"311-312","    Food and beverage and tobacco product manufacturing","Thousands of dollars",0,0,0,0,0,0,0,0,0,0,0,0,0,0,0,0,0,0,0,0,0,0,0
 "91000","New England",1,SAGDP5N,27,"313-314","    Textile mills and textile product mills","Thousands of dollars",0,0,0,0,0,0,0,0,0,-486,-247,-272,-310,-264,-249,-301,-285,-285,-1721,-1687,-1558,-1543,-1476
 "91000","New England",1,SAGDP5N,28,"315-316","    Apparel, leather, and allied product manufacturing","Thousands of dollars",0,0,0,0,0,0,0,0,0,0,0,0,0,0,0,0,0,0,0,0,0,0,0
 "91000","New England",1,SAGDP5N,29,"322","    Paper manufacturing","Thousands of dollars",0,0,0,0,0,0,0,0,0,0,0,0,0,0,0,0,0,0,0,0,0,0,0
 "91000","New England",1,SAGDP5N,30,"323","    Printing and related support activities","Thousands of dollars",0,0,0,0,0,0,0,0,0,0,0,0,0,0,0,0,0,0,0,0,0,0,0
 "91000","New England",1,SAGDP5N,31,"324","    Petroleum and coal products manufacturing","Thousands of dollars",0,0,0,0,0,0,0,0,0,0,0,0,-133,-651,-186,-950,-141,-988,0,0,0,0,0
 "91000","New England",1,SAGDP5N,32,"325","    Chemical manufacturing","Thousands of dollars",0,0,0,0,0,0,0,0,0,0,0,0,-546,-565,-3973,-1241,-1521,-1463,-477,-381,-368,-367,-238
 "91000","New England",1,SAGDP5N,33,"326","    Plastics and rubber products manufacturing","Thousands of dollars",0,0,0,0,0,0,0,0,0,0,0,0,0,0,0,0,0,0,0,0,0,0,0
 "91000","New England",1,SAGDP5N,34,"42","  Wholesale trade","Thousands of dollars",0,0,0,0,0,0,0,0,0,0,0,0,0,0,0,0,0,0,0,0,0,0,0
 "91000","New England",1,SAGDP5N,35,"44-45","  Retail trade","Thousands of dollars",0,0,0,0,0,0,0,0,0,0,0,0,-151415,-16115,-152,0,0,0,0,0,0,0,0
 "91000","New England",1,SAGDP5N,36,"48-49","  Transportation and warehousing","Thousands of dollars",-74927,-54576,-61098,-67979,-224948,-147636,-204141,-175157,-172144,-182364,-178806,-210436,-265507,-308267,-246434,-215703,-204639,-196132,-201140,-210987,-241983,-278700,-286431
 "91000","New England",1,SAGDP5N,37,"481","   Air transportation","Thousands of dollars",-596,30,0,-30,-149769,-4766,-74914,-506,-1817,-2770,-2800,-4200,-5094,-6106,-7030,-7715,-6970,-6523,-7149,-7298,-7089,-6732,-8549
 "91000","New England",1,SAGDP5N,38,"482","   Rail transportation","Thousands of dollars",-70264,-52764,-60149,-65794,-66909,-125086,-114768,-139579,-152781,-157538,-147822,-196850,-247066,-296621,-232887,-194833,-194341,-188170,-193182,-200927,-233917,-271546,-277382
 "91000","New England",1,SAGDP5N,39,"483","   Water transportation","Thousands of dollars",-4067,-1842,-949,-2155,-8269,-17784,-14371,-34499,-17024,-20688,-27843,-9022,-13190,-5539,-6516,-13155,-3328,-1439,-809,-2762,-976,-422,-501
 "91000","New England",1,SAGDP5N,40,"484","   Truck transportation","Thousands of dollars",0,0,0,0,0,0,-88,-572,-522,-1369,-341,-365,-157,0,0,0,0,0,0,0,0,0,0
 "91000","New England",1,SAGDP5N,41,"485","   Transit and ground passenger transportation","Thousands of dollars",0,0,0,0,0,0,0,0,0,0,0,0,0,0,0,0,0,0,0,0,0,0,0
 "91000","New England",1,SAGDP5N,42,"486","   Pipeline transportation","Thousands of dollars",0,0,0,0,0,0,0,0,0,0,0,0,0,0,0,0,0,0,0,0,0,0,0
 "91000","New England",1,SAGDP5N,43,"487-488, 492","   Other transportation and support activities","Thousands of dollars",0,0,0,0,0,0,0,0,0,0,0,0,0,0,0,0,0,0,0,0,0,0,0
 "91000","New England",1,SAGDP5N,44,"493","   Warehousing and storage","Thousands of dollars",0,0,0,0,0,0,0,0,0,0,0,0,0,0,0,0,0,0,0,0,0,0,0
 "91000","New England",1,SAGDP5N,45,"51","  Information","Thousands of dollars",0,0,0,0,0,0,0,0,0,0,0,0,-1811,-5185,-22836,-32791,-17088,-4006,-4187,213,-463,-214,-262
 "91000","New England",1,SAGDP5N,46,"511","   Publishing industries (except Internet)","Thousands of dollars",0,0,0,0,0,0,0,0,0,0,0,0,0,0,0,0,0,0,0,0,0,0,0
 "91000","New England",1,SAGDP5N,47,"512","   Motion picture and sound recording industries","Thousands of dollars",0,0,0,0,0,0,0,0,0,0,0,0,0,0,0,0,0,0,0,0,0,0,0
 "91000","New England",1,SAGDP5N,48,"515, 517","   Broadcasting (except Internet) and telecommunications","Thousands of dollars",0,0,0,0,0,0,0,0,0,0,0,0,-1811,-5185,-22836,-32791,-17088,-4006,-4187,213,-463,-214,-262
 "91000","New England",1,SAGDP5N,49,"518, 519","   Data processing, hosting, and other information services","Thousands of dollars",0,0,0,0,0,0,0,0,0,0,0,0,0,0,0,0,0,0,0,0,0,0,0
 "91000","New England",1,SAGDP5N,50,"52, 53","  Finance, insurance, real estate, rental, and leasing","Thousands of dollars",-709775,-734077,-758551,-747926,-735124,-768209,-886971,-936883,-1179456,-1051651,-1273383,-1110855,-1128039,-1124116,-1122585,-1121557,-1115609,-1081368,-1068544,-1147286,-1165077,-1117034,-1124082
 "91000","New England",1,SAGDP5N,51,"52","   Finance and insurance","Thousands of dollars",-954,-1644,-3070,-3880,-3771,-5234,-2037,-1409,-885,-689,-909,-1530,-4456,-12589,-6711,-11208,-10158,-10169,-9514,-12375,-17550,-19637,-17376
 "91000","New England",1,SAGDP5N,52,"521-522","    Monetary Authorities- central bank, credit intermediation, and related services","Thousands of dollars",-954,-1644,-3070,-3880,-3771,-5234,-2037,-1409,-885,-689,-909,-1530,-4456,-12589,-6711,-11208,-10158,-10169,-9514,-12375,-17550,-19637,-17376
 "91000","New England",1,SAGDP5N,53,"523","    Securities, commodity contracts, and other financial investments and related activities","Thousands of dollars",0,0,0,0,0,0,0,0,0,0,0,0,0,0,0,0,0,0,0,0,0,0,0
 "91000","New England",1,SAGDP5N,54,"524","    Insurance carriers and related activities","Thousands of dollars",0,0,0,0,0,0,0,0,0,0,0,0,0,0,0,0,0,0,0,0,0,0,0
 "91000","New England",1,SAGDP5N,55,"525","    Funds, trusts, and other financial vehicles","Thousands of dollars",0,0,0,0,0,0,0,0,0,0,0,0,0,0,0,0,0,0,0,0,0,0,0
 "91000","New England",1,SAGDP5N,56,"53","   Real estate and rental and leasing","Thousands of dollars",-708821,-732433,-755482,-744045,-731353,-762974,-884933,-935473,-1178571,-1050962,-1272475,-1109325,-1123583,-1111527,-1115873,-1110349,-1105451,-1071199,-1059030,-1134911,-1147527,-1097396,-1106706
 "91000","New England",1,SAGDP5N,57,"531","    Real estate","Thousands of dollars",-708821,-732433,-755482,-744045,-731353,-762974,-884933,-935473,-1178571,-1050962,-1272475,-1109325,-1123583,-1111527,-1115873,-1110349,-1105451,-1071199,-1059030,-1134911,-1147527,-1097396,-1106706
 "91000","New England",1,SAGDP5N,58,"532-533","    Rental and leasing services and lessors of nonfinancial intangible assets","Thousands of dollars",0,0,0,0,0,0,0,0,0,0,0,0,0,0,0,0,0,0,0,0,0,0,0
 "91000","New England",1,SAGDP5N,59,"54, 55, 56","  Professional and business services","Thousands of dollars",0,0,0,0,0,0,0,0,0,0,0,0,0,0,0,0,0,0,0,0,0,0,0
 "91000","New England",1,SAGDP5N,60,"54","   Professional, scientific, and technical services","Thousands of dollars",0,0,0,0,0,0,0,0,0,0,0,0,0,0,0,0,0,0,0,0,0,0,0
 "91000","New England",1,SAGDP5N,61,"5411","    Legal services","Thousands of dollars",0,0,0,0,0,0,0,0,0,0,0,0,0,0,0,0,0,0,0,0,0,0,0
 "91000","New England",1,SAGDP5N,62,"5415","    Computer systems design and related services","Thousands of dollars",0,0,0,0,0,0,0,0,0,0,0,0,0,0,0,0,0,0,0,0,0,0,0
 "91000","New England",1,SAGDP5N,63,"5412-5414, 5416-5419","    Miscellaneous professional, scientific, and technical services","Thousands of dollars",0,0,0,0,0,0,0,0,0,0,0,0,0,0,0,0,0,0,0,0,0,0,0
 "91000","New England",1,SAGDP5N,64,"55","   Management of companies and enterprises","Thousands of dollars",0,0,0,0,0,0,0,0,0,0,0,0,0,0,0,0,0,0,0,0,0,0,0
 "91000","New England",1,SAGDP5N,65,"56","   Administrative and support and waste management and remediation services","Thousands of dollars",0,0,0,0,0,0,0,0,0,0,0,0,0,0,0,0,0,0,0,0,0,0,0
 "91000","New England",1,SAGDP5N,66,"561","    Administrative and support services","Thousands of dollars",0,0,0,0,0,0,0,0,0,0,0,0,0,0,0,0,0,0,0,0,0,0,0
 "91000","New England",1,SAGDP5N,67,"562","    Waste management and remediation services","Thousands of dollars",0,0,0,0,0,0,0,0,0,0,0,0,0,0,0,0,0,0,0,0,0,0,0
 "91000","New England",1,SAGDP5N,68,"61, 62","  Educational services, health care, and social assistance","Thousands of dollars",0,0,0,0,0,0,0,0,0,0,0,0,0,-44930,-356612,-208111,-259774,-246026,-142148,-83482,-28831,-889,-894
 "91000","New England",1,SAGDP5N,69,"61","   Educational services","Thousands of dollars",0,0,0,0,0,0,0,0,0,0,0,0,0,0,0,0,0,0,0,0,0,0,0
 "91000","New England",1,SAGDP5N,70,"62","   Health care and social assistance","Thousands of dollars",0,0,0,0,0,0,0,0,0,0,0,0,0,-44930,-356612,-208111,-259774,-246026,-142148,-83482,-28831,-889,-894
 "91000","New England",1,SAGDP5N,71,"621","    Ambulatory health care services","Thousands of dollars",0,0,0,0,0,0,0,0,0,0,0,0,0,0,0,0,0,0,0,0,0,0,0
 "91000","New England",1,SAGDP5N,72,"622","    Hospitals","Thousands of dollars",0,0,0,0,0,0,0,0,0,0,0,0,0,-44930,-356612,-208111,-259774,-246026,-142148,-83482,-28831,-889,-894
 "91000","New England",1,SAGDP5N,73,"623","    Nursing and residential care facilities","Thousands of dollars",0,0,0,0,0,0,0,0,0,0,0,0,0,0,0,0,0,0,0,0,0,0,0
 "91000","New England",1,SAGDP5N,74,"624","    Social assistance","Thousands of dollars",0,0,0,0,0,0,0,0,0,0,0,0,0,0,0,0,0,0,0,0,0,0,0
 "91000","New England",1,SAGDP5N,75,"71, 72","  Arts, entertainment, recreation, accommodation, and food services","Thousands of dollars",0,0,0,0,0,0,0,0,0,0,0,0,0,0,0,0,0,0,0,0,0,0,0
 "91000","New England",1,SAGDP5N,76,"71","   Arts, entertainment, and recreation","Thousands of dollars",0,0,0,0,0,0,0,0,0,0,0,0,0,0,0,0,0,0,0,0,0,0,0
 "91000","New England",1,SAGDP5N,77,"711-712","    Performing arts, spectator sports, museums, and related activities","Thousands of dollars",0,0,0,0,0,0,0,0,0,0,0,0,0,0,0,0,0,0,0,0,0,0,0
 "91000","New England",1,SAGDP5N,78,"713","    Amusement, gambling, and recreation industries","Thousands of dollars",0,0,0,0,0,0,0,0,0,0,0,0,0,0,0,0,0,0,0,0,0,0,0
 "91000","New England",1,SAGDP5N,79,"72","   Accommodation and food services","Thousands of dollars",0,0,0,0,0,0,0,0,0,0,0,0,0,0,0,0,0,0,0,0,0,0,0
 "91000","New England",1,SAGDP5N,80,"721","    Accommodation","Thousands of dollars",0,0,0,0,0,0,0,0,0,0,0,0,0,0,0,0,0,0,0,0,0,0,0
 "91000","New England",1,SAGDP5N,81,"722","    Food services and drinking places","Thousands of dollars",0,0,0,0,0,0,0,0,0,0,0,0,0,0,0,0,0,0,0,0,0,0,0
 "91000","New England",1,SAGDP5N,82,"81","  Other services (except government and government enterprises)","Thousands of dollars",0,0,0,0,0,0,0,0,0,0,0,0,0,0,0,0,0,0,0,0,0,0,0
 "91000","New England",1,SAGDP5N,83,"..."," Government and government enterprises","Thousands of dollars",-822045,-748082,-752912,-721982,-764157,-911563,-983833,-1043716,-1050064,-1054927,-1066142,-1063719,-1209716,-1203159,-930368,-1331996,-1330481,-1410411,-1458716,-1559699,-1379290,-1490989,-1514180
 "91000","New England",1,SAGDP5N,84,"...","  Federal civilian","Thousands of dollars",-3428,-3997,-4922,-5700,-5803,-6628,-8912,-6478,-8171,-7318,-7700,-8485,-11085,-8639,-8245,-11102,-15794,-17999,-13964,-14429,-14776,-16294,-16563
 "91000","New England",1,SAGDP5N,85,"...","  Military","Thousands of dollars",0,0,0,0,0,0,0,0,0,0,0,0,0,0,0,0,0,0,0,0,0,0,0
 "91000","New England",1,SAGDP5N,86,"...","  State and local","Thousands of dollars",-818617,-744084,-747989,-716282,-758354,-904935,-974922,-1037239,-1041893,-1047609,-1058442,-1055235,-1198631,-1194520,-922123,-1320894,-1314687,-1392412,-1444752,-1545271,-1364514,-1474695,-1497617
 "91000","New England",1,SAGDP5N,87,"11, 21","Natural resources and mining","Thousands of dollars",-9223,-14590,-41091,-64505,-32506,-56731,-60755,-41508,-69350,-57303,-54846,-58852,-92922,-111938,-70657,-73058,-52852,-35086,-34182,-43125,-37019,-53648,-66181
 "91000","New England",1,SAGDP5N,88,"42, 44-45","Trade","Thousands of dollars",0,0,0,0,0,0,0,0,0,0,0,0,-151415,-16115,-152,0,0,0,0,0,0,0,0
 "91000","New England",1,SAGDP5N,89,"...","Transportation and utilities","Thousands of dollars",-74927,-54576,-61098,-67979,-224948,-147636,-204141,-175157,-172144,-182364,-178806,-210436,-265507,-308267,-246434,-215703,-204639,-196132,-201140,-210987,-241983,-278700,-286431
 "91000","New England",1,SAGDP5N,90,"...","Manufacturing and information","Thousands of dollars",0,0,0,0,0,0,0,0,0,-486,-247,-9505,-27439,-76874,-114282,-93985,-48609,-28477,-24636,-18347,-17842,-16987,-19301
 "91000","New England",1,SAGDP5N,91,"...","Private goods-producing industries 2/","Thousands of dollars",-9223,-14590,-41091,-64505,-32506,-56731,-60755,-41508,-69350,-57789,-55093,-68357,-118550,-183628,-162103,-134251,-84374,-59557,-54631,-61685,-54399,-70421,-85220
 "91000","New England",1,SAGDP5N,92,"...","Private services-providing industries 3/","Thousands of dollars",-784702,-788654,-819650,-815905,-960071,-915845,-1091112,-1112039,-1351600,-1234016,-1452189,-1321291,-1546771,-1498614,-1748618,-1578162,-1597110,-1527532,-1416019,-1441542,-1436354,-1396836,-1411669
"Note: See the included footnote file."
"SAGDP5N: Subsidies 1/"
"Last updated: October 2, 2020-- new statistics for 2018-2019; revised statistics for 1997-2017."
"Source: U.S. Department of Commerce / Bureau of Economic Analysis / Regional Economic Accounts"
