GeoFIPS,GeoName,Region,TableName,LineCode,IndustryClassification,Description,Unit,1997,1998,1999,2000,2001,2002,2003,2004,2005,2006,2007,2008,2009,2010,2011,2012,2013,2014,2015,2016,2017,2018,2019
 "23000","Maine",1,SAGDP5N,1,"...","All industry total","Thousands of dollars",-72575,-70072,-74822,-77832,-77988,-95620,-109207,-116235,-139136,-135071,-148842,-134315,-171562,-187418,-195559,-185677,-185027,-179993,-162051,-170088,-162049,-169039,-171648
 "23000","Maine",1,SAGDP5N,2,"..."," Private industries","Thousands of dollars",-41833,-45059,-50437,-50465,-49577,-61748,-66575,-67925,-88709,-83044,-94032,-85599,-113423,-132008,-129985,-117658,-116348,-110788,-94923,-99304,-96083,-98502,-100725
 "23000","Maine",1,SAGDP5N,3,"11","  Agriculture, forestry, fishing and hunting","Thousands of dollars",-3555,-5525,-10060,-11906,-6967,-11885,-10146,-9142,-18984,-12771,-11246,-12217,-17390,-41423,-14709,-18017,-14169,-11136,-9795,-12353,-10979,-13971,-15015
 "23000","Maine",1,SAGDP5N,4,"111-112","   Farms","Thousands of dollars",-3555,-5525,-10060,-11906,-6967,-11885,-10146,-9142,-18984,-12771,-11246,-12217,-17390,-41423,-14709,-18017,-14169,-11136,-9795,-12353,-10979,-13971,-15015
 "23000","Maine",1,SAGDP5N,5,"113-115","   Forestry, fishing, and related activities","Thousands of dollars",0,0,0,0,0,0,0,0,0,0,0,0,0,0,0,0,0,0,0,0,0,0,0
 "23000","Maine",1,SAGDP5N,6,"21","  Mining, quarrying, and oil and gas extraction","Thousands of dollars",0,0,0,0,0,0,0,0,0,0,0,0,0,0,0,0,0,0,0,0,0,0,0
 "23000","Maine",1,SAGDP5N,7,"211","   Oil and gas extraction","Thousands of dollars",0,0,0,0,0,0,0,0,0,0,0,0,0,0,0,0,0,0,0,0,0,0,0
 "23000","Maine",1,SAGDP5N,8,"212","   Mining (except oil and gas)","Thousands of dollars",0,0,0,0,0,0,0,0,0,0,0,0,0,0,0,0,0,0,0,0,0,0,0
 "23000","Maine",1,SAGDP5N,9,"213","   Support activities for mining","Thousands of dollars",0,0,0,0,0,0,0,0,0,0,0,0,0,0,0,0,0,0,0,0,0,0,0
 "23000","Maine",1,SAGDP5N,10,"22","  Utilities","Thousands of dollars",0,0,0,0,0,0,0,0,0,0,0,0,0,0,0,0,0,0,0,0,0,0,0
 "23000","Maine",1,SAGDP5N,11,"23","  Construction","Thousands of dollars",0,0,0,0,0,0,0,0,0,0,0,0,0,0,0,0,0,0,0,0,0,0,0
 "23000","Maine",1,SAGDP5N,12,"31-33","  Manufacturing","Thousands of dollars",0,0,0,0,0,0,0,0,0,-55,-26,-136,-285,-725,-786,-614,-284,-349,-322,-319,-307,-298,-308
 "23000","Maine",1,SAGDP5N,13,"321,327-339","   Durable goods manufacturing","Thousands of dollars",0,0,0,0,0,0,0,0,0,0,0,-107,-210,-531,-543,-353,-172,-128,-129,-115,-112,-108,-138
 "23000","Maine",1,SAGDP5N,14,"321","    Wood product manufacturing","Thousands of dollars",0,0,0,0,0,0,0,0,0,0,0,0,0,0,0,0,0,0,0,0,0,0,0
 "23000","Maine",1,SAGDP5N,15,"327","    Nonmetallic mineral product manufacturing","Thousands of dollars",0,0,0,0,0,0,0,0,0,0,0,0,0,0,0,0,0,0,0,0,0,0,0
 "23000","Maine",1,SAGDP5N,16,"331","    Primary metal manufacturing","Thousands of dollars",0,0,0,0,0,0,0,0,0,0,0,0,0,0,0,0,0,0,0,0,0,0,0
 "23000","Maine",1,SAGDP5N,17,"332","    Fabricated metal product manufacturing","Thousands of dollars",0,0,0,0,0,0,0,0,0,0,0,0,0,0,0,0,0,0,0,0,0,0,0
 "23000","Maine",1,SAGDP5N,18,"333","    Machinery manufacturing","Thousands of dollars",0,0,0,0,0,0,0,0,0,0,0,0,0,0,0,0,0,0,0,0,0,0,0
 "23000","Maine",1,SAGDP5N,19,"334","    Computer and electronic product manufacturing","Thousands of dollars",0,0,0,0,0,0,0,0,0,0,0,0,0,0,0,0,0,0,0,0,0,0,0
 "23000","Maine",1,SAGDP5N,20,"335","    Electrical equipment, appliance, and component manufacturing","Thousands of dollars",0,0,0,0,0,0,0,0,0,0,0,-107,-210,-531,-543,-353,-172,-128,-129,-115,-112,-108,-138
 "23000","Maine",1,SAGDP5N,21,"3361-3363","    Motor vehicles, bodies and trailers, and parts manufacturing","Thousands of dollars",0,0,0,0,0,0,0,0,0,0,0,0,0,0,0,0,0,0,0,0,0,0,0
 "23000","Maine",1,SAGDP5N,22,"3364-3369","    Other transportation equipment manufacturing","Thousands of dollars",0,0,0,0,0,0,0,0,0,0,0,0,0,0,0,0,0,0,0,0,0,0,0
 "23000","Maine",1,SAGDP5N,23,"337","    Furniture and related product manufacturing","Thousands of dollars",0,0,0,0,0,0,0,0,0,0,0,0,0,0,0,0,0,0,0,0,0,0,0
 "23000","Maine",1,SAGDP5N,24,"339","    Miscellaneous manufacturing","Thousands of dollars",0,0,0,0,0,0,0,0,0,0,0,0,0,0,0,0,0,0,0,0,0,0,0
 "23000","Maine",1,SAGDP5N,25,"311-316,322-326","   Nondurable goods manufacturing","Thousands of dollars",0,0,0,0,0,0,0,0,0,-55,-26,-29,-74,-194,-243,-260,-112,-221,-193,-203,-195,-189,-170
 "23000","Maine",1,SAGDP5N,26,"311-312","    Food and beverage and tobacco product manufacturing","Thousands of dollars",0,0,0,0,0,0,0,0,0,0,0,0,0,0,0,0,0,0,0,0,0,0,0
 "23000","Maine",1,SAGDP5N,27,"313-314","    Textile mills and textile product mills","Thousands of dollars",0,0,0,0,0,0,0,0,0,-55,-26,-29,-31,-22,-21,-23,-26,-27,-173,-177,-166,-161,-149
 "23000","Maine",1,SAGDP5N,28,"315-316","    Apparel, leather, and allied product manufacturing","Thousands of dollars",0,0,0,0,0,0,0,0,0,0,0,0,0,0,0,0,0,0,0,0,0,0,0
 "23000","Maine",1,SAGDP5N,29,"322","    Paper manufacturing","Thousands of dollars",0,0,0,0,0,0,0,0,0,0,0,0,0,0,0,0,0,0,0,0,0,0,0
 "23000","Maine",1,SAGDP5N,30,"323","    Printing and related support activities","Thousands of dollars",0,0,0,0,0,0,0,0,0,0,0,0,0,0,0,0,0,0,0,0,0,0,0
 "23000","Maine",1,SAGDP5N,31,"324","    Petroleum and coal products manufacturing","Thousands of dollars",0,0,0,0,0,0,0,0,0,0,0,0,-24,-145,-38,-155,-18,-116,0,0,0,0,0
 "23000","Maine",1,SAGDP5N,32,"325","    Chemical manufacturing","Thousands of dollars",0,0,0,0,0,0,0,0,0,0,0,0,-19,-27,-185,-82,-68,-78,-19,-26,-28,-28,-21
 "23000","Maine",1,SAGDP5N,33,"326","    Plastics and rubber products manufacturing","Thousands of dollars",0,0,0,0,0,0,0,0,0,0,0,0,0,0,0,0,0,0,0,0,0,0,0
 "23000","Maine",1,SAGDP5N,34,"42","  Wholesale trade","Thousands of dollars",0,0,0,0,0,0,0,0,0,0,0,0,0,0,0,0,0,0,0,0,0,0,0
 "23000","Maine",1,SAGDP5N,35,"44-45","  Retail trade","Thousands of dollars",0,0,0,0,0,0,0,0,0,0,0,0,-15136,-1604,-15,0,0,0,0,0,0,0,0
 "23000","Maine",1,SAGDP5N,36,"48-49","  Transportation and warehousing","Thousands of dollars",-158,-65,-32,-77,-3802,-7053,-7665,-6556,-6779,-8057,-6600,-9216,-12014,-14921,-12506,-10549,-10929,-10184,-8385,-10069,-12121,-14586,-14679
 "23000","Maine",1,SAGDP5N,37,"481","   Air transportation","Thousands of dollars",-14,1,0,-1,-3544,-113,-1773,-12,-43,-66,-66,-99,-121,-145,-166,-183,-165,-154,-169,-173,-168,-159,-202
 "23000","Maine",1,SAGDP5N,38,"482","   Rail transportation","Thousands of dollars",0,0,0,0,0,-6348,-5398,-5273,-6063,-6999,-5973,-8832,-11562,-14659,-12219,-10163,-10719,-10008,-8204,-9848,-11939,-14417,-14467
 "23000","Maine",1,SAGDP5N,39,"483","   Water transportation","Thousands of dollars",-144,-66,-32,-76,-258,-592,-482,-1186,-592,-775,-506,-225,-304,-117,-121,-204,-45,-21,-12,-47,-14,-9,-10
 "23000","Maine",1,SAGDP5N,40,"484","   Truck transportation","Thousands of dollars",0,0,0,0,0,0,-13,-85,-81,-218,-55,-60,-27,0,0,0,0,0,0,0,0,0,0
 "23000","Maine",1,SAGDP5N,41,"485","   Transit and ground passenger transportation","Thousands of dollars",0,0,0,0,0,0,0,0,0,0,0,0,0,0,0,0,0,0,0,0,0,0,0
 "23000","Maine",1,SAGDP5N,42,"486","   Pipeline transportation","Thousands of dollars",0,0,0,0,0,0,0,0,0,0,0,0,0,0,0,0,0,0,0,0,0,0,0
 "23000","Maine",1,SAGDP5N,43,"487-488, 492","   Other transportation and support activities","Thousands of dollars",0,0,0,0,0,0,0,0,0,0,0,0,0,0,0,0,0,0,0,0,0,0,0
 "23000","Maine",1,SAGDP5N,44,"493","   Warehousing and storage","Thousands of dollars",0,0,0,0,0,0,0,0,0,0,0,0,0,0,0,0,0,0,0,0,0,0,0
 "23000","Maine",1,SAGDP5N,45,"51","  Information","Thousands of dollars",0,0,0,0,0,0,0,0,0,0,0,0,-70,-203,-881,-1208,-641,-145,-154,8,-17,-9,-10
 "23000","Maine",1,SAGDP5N,46,"511","   Publishing industries (except Internet)","Thousands of dollars",0,0,0,0,0,0,0,0,0,0,0,0,0,0,0,0,0,0,0,0,0,0,0
 "23000","Maine",1,SAGDP5N,47,"512","   Motion picture and sound recording industries","Thousands of dollars",0,0,0,0,0,0,0,0,0,0,0,0,0,0,0,0,0,0,0,0,0,0,0
 "23000","Maine",1,SAGDP5N,48,"515, 517","   Broadcasting (except Internet) and telecommunications","Thousands of dollars",0,0,0,0,0,0,0,0,0,0,0,0,-70,-203,-881,-1208,-641,-145,-154,8,-17,-9,-10
 "23000","Maine",1,SAGDP5N,49,"518, 519","   Data processing, hosting, and other information services","Thousands of dollars",0,0,0,0,0,0,0,0,0,0,0,0,0,0,0,0,0,0,0,0,0,0,0
 "23000","Maine",1,SAGDP5N,50,"52, 53","  Finance, insurance, real estate, rental, and leasing","Thousands of dollars",-38120,-39468,-40345,-38482,-38808,-42810,-48763,-52227,-62945,-62161,-76160,-64030,-68528,-69286,-69487,-68498,-67238,-67459,-63596,-69447,-70143,-69561,-70635
 "23000","Maine",1,SAGDP5N,51,"52","   Finance and insurance","Thousands of dollars",-9,-12,-32,-129,-152,-329,-157,-92,-112,-61,-25,-81,-407,-1012,-512,-314,-369,-390,-252,-162,-736,-1038,-1240
 "23000","Maine",1,SAGDP5N,52,"521-522","    Monetary Authorities- central bank, credit intermediation, and related services","Thousands of dollars",-9,-12,-32,-129,-152,-329,-157,-92,-112,-61,-25,-81,-407,-1012,-512,-314,-369,-390,-252,-162,-736,-1038,-1240
 "23000","Maine",1,SAGDP5N,53,"523","    Securities, commodity contracts, and other financial investments and related activities","Thousands of dollars",0,0,0,0,0,0,0,0,0,0,0,0,0,0,0,0,0,0,0,0,0,0,0
 "23000","Maine",1,SAGDP5N,54,"524","    Insurance carriers and related activities","Thousands of dollars",0,0,0,0,0,0,0,0,0,0,0,0,0,0,0,0,0,0,0,0,0,0,0
 "23000","Maine",1,SAGDP5N,55,"525","    Funds, trusts, and other financial vehicles","Thousands of dollars",0,0,0,0,0,0,0,0,0,0,0,0,0,0,0,0,0,0,0,0,0,0,0
 "23000","Maine",1,SAGDP5N,56,"53","   Real estate and rental and leasing","Thousands of dollars",-38111,-39456,-40313,-38354,-38656,-42481,-48606,-52135,-62834,-62101,-76135,-63949,-68121,-68274,-68975,-68183,-66869,-67070,-63344,-69285,-69407,-68523,-69396
 "23000","Maine",1,SAGDP5N,57,"531","    Real estate","Thousands of dollars",-38111,-39456,-40313,-38354,-38656,-42481,-48606,-52135,-62834,-62101,-76135,-63949,-68121,-68274,-68975,-68183,-66869,-67070,-63344,-69285,-69407,-68523,-69396
 "23000","Maine",1,SAGDP5N,58,"532-533","    Rental and leasing services and lessors of nonfinancial intangible assets","Thousands of dollars",0,0,0,0,0,0,0,0,0,0,0,0,0,0,0,0,0,0,0,0,0,0,0
 "23000","Maine",1,SAGDP5N,59,"54, 55, 56","  Professional and business services","Thousands of dollars",0,0,0,0,0,0,0,0,0,0,0,0,0,0,0,0,0,0,0,0,0,0,0
 "23000","Maine",1,SAGDP5N,60,"54","   Professional, scientific, and technical services","Thousands of dollars",0,0,0,0,0,0,0,0,0,0,0,0,0,0,0,0,0,0,0,0,0,0,0
 "23000","Maine",1,SAGDP5N,61,"5411","    Legal services","Thousands of dollars",0,0,0,0,0,0,0,0,0,0,0,0,0,0,0,0,0,0,0,0,0,0,0
 "23000","Maine",1,SAGDP5N,62,"5415","    Computer systems design and related services","Thousands of dollars",0,0,0,0,0,0,0,0,0,0,0,0,0,0,0,0,0,0,0,0,0,0,0
 "23000","Maine",1,SAGDP5N,63,"5412-5414, 5416-5419","    Miscellaneous professional, scientific, and technical services","Thousands of dollars",0,0,0,0,0,0,0,0,0,0,0,0,0,0,0,0,0,0,0,0,0,0,0
 "23000","Maine",1,SAGDP5N,64,"55","   Management of companies and enterprises","Thousands of dollars",0,0,0,0,0,0,0,0,0,0,0,0,0,0,0,0,0,0,0,0,0,0,0
 "23000","Maine",1,SAGDP5N,65,"56","   Administrative and support and waste management and remediation services","Thousands of dollars",0,0,0,0,0,0,0,0,0,0,0,0,0,0,0,0,0,0,0,0,0,0,0
 "23000","Maine",1,SAGDP5N,66,"561","    Administrative and support services","Thousands of dollars",0,0,0,0,0,0,0,0,0,0,0,0,0,0,0,0,0,0,0,0,0,0,0
 "23000","Maine",1,SAGDP5N,67,"562","    Waste management and remediation services","Thousands of dollars",0,0,0,0,0,0,0,0,0,0,0,0,0,0,0,0,0,0,0,0,0,0,0
 "23000","Maine",1,SAGDP5N,68,"61, 62","  Educational services, health care, and social assistance","Thousands of dollars",0,0,0,0,0,0,0,0,0,0,0,0,0,-3847,-31601,-18773,-23086,-21515,-12671,-7125,-2517,-77,-77
 "23000","Maine",1,SAGDP5N,69,"61","   Educational services","Thousands of dollars",0,0,0,0,0,0,0,0,0,0,0,0,0,0,0,0,0,0,0,0,0,0,0
 "23000","Maine",1,SAGDP5N,70,"62","   Health care and social assistance","Thousands of dollars",0,0,0,0,0,0,0,0,0,0,0,0,0,-3847,-31601,-18773,-23086,-21515,-12671,-7125,-2517,-77,-77
 "23000","Maine",1,SAGDP5N,71,"621","    Ambulatory health care services","Thousands of dollars",0,0,0,0,0,0,0,0,0,0,0,0,0,0,0,0,0,0,0,0,0,0,0
 "23000","Maine",1,SAGDP5N,72,"622","    Hospitals","Thousands of dollars",0,0,0,0,0,0,0,0,0,0,0,0,0,-3847,-31601,-18773,-23086,-21515,-12671,-7125,-2517,-77,-77
 "23000","Maine",1,SAGDP5N,73,"623","    Nursing and residential care facilities","Thousands of dollars",0,0,0,0,0,0,0,0,0,0,0,0,0,0,0,0,0,0,0,0,0,0,0
 "23000","Maine",1,SAGDP5N,74,"624","    Social assistance","Thousands of dollars",0,0,0,0,0,0,0,0,0,0,0,0,0,0,0,0,0,0,0,0,0,0,0
 "23000","Maine",1,SAGDP5N,75,"71, 72","  Arts, entertainment, recreation, accommodation, and food services","Thousands of dollars",0,0,0,0,0,0,0,0,0,0,0,0,0,0,0,0,0,0,0,0,0,0,0
 "23000","Maine",1,SAGDP5N,76,"71","   Arts, entertainment, and recreation","Thousands of dollars",0,0,0,0,0,0,0,0,0,0,0,0,0,0,0,0,0,0,0,0,0,0,0
 "23000","Maine",1,SAGDP5N,77,"711-712","    Performing arts, spectator sports, museums, and related activities","Thousands of dollars",0,0,0,0,0,0,0,0,0,0,0,0,0,0,0,0,0,0,0,0,0,0,0
 "23000","Maine",1,SAGDP5N,78,"713","    Amusement, gambling, and recreation industries","Thousands of dollars",0,0,0,0,0,0,0,0,0,0,0,0,0,0,0,0,0,0,0,0,0,0,0
 "23000","Maine",1,SAGDP5N,79,"72","   Accommodation and food services","Thousands of dollars",0,0,0,0,0,0,0,0,0,0,0,0,0,0,0,0,0,0,0,0,0,0,0
 "23000","Maine",1,SAGDP5N,80,"721","    Accommodation","Thousands of dollars",0,0,0,0,0,0,0,0,0,0,0,0,0,0,0,0,0,0,0,0,0,0,0
 "23000","Maine",1,SAGDP5N,81,"722","    Food services and drinking places","Thousands of dollars",0,0,0,0,0,0,0,0,0,0,0,0,0,0,0,0,0,0,0,0,0,0,0
 "23000","Maine",1,SAGDP5N,82,"81","  Other services (except government and government enterprises)","Thousands of dollars",0,0,0,0,0,0,0,0,0,0,0,0,0,0,0,0,0,0,0,0,0,0,0
 "23000","Maine",1,SAGDP5N,83,"..."," Government and government enterprises","Thousands of dollars",-30743,-25013,-24385,-27366,-28411,-33873,-42632,-48310,-50427,-52026,-54810,-48716,-58139,-55410,-65573,-68019,-68679,-69205,-67127,-70784,-65966,-70537,-70922
 "23000","Maine",1,SAGDP5N,84,"...","  Federal civilian","Thousands of dollars",-1634,-1593,-2018,-2511,-2488,-2707,-3675,-2405,-3271,-3079,-2949,-3487,-4932,-3828,-3830,-5090,-7099,-8400,-6312,-6811,-7078,-7274,-6675
 "23000","Maine",1,SAGDP5N,85,"...","  Military","Thousands of dollars",0,0,0,0,0,0,0,0,0,0,0,0,0,0,0,0,0,0,0,0,0,0,0
 "23000","Maine",1,SAGDP5N,86,"...","  State and local","Thousands of dollars",-29109,-23420,-22366,-24855,-25923,-31165,-38957,-45905,-47156,-48947,-51861,-45229,-53207,-51582,-61743,-62929,-61580,-60806,-60815,-63973,-58888,-63264,-64247
 "23000","Maine",1,SAGDP5N,87,"11, 21","Natural resources and mining","Thousands of dollars",-3555,-5525,-10060,-11906,-6967,-11885,-10146,-9142,-18984,-12771,-11246,-12217,-17390,-41423,-14709,-18017,-14169,-11136,-9795,-12353,-10979,-13971,-15015
 "23000","Maine",1,SAGDP5N,88,"42, 44-45","Trade","Thousands of dollars",0,0,0,0,0,0,0,0,0,0,0,0,-15136,-1604,-15,0,0,0,0,0,0,0,0
 "23000","Maine",1,SAGDP5N,89,"...","Transportation and utilities","Thousands of dollars",-158,-65,-32,-77,-3802,-7053,-7665,-6556,-6779,-8057,-6600,-9216,-12014,-14921,-12506,-10549,-10929,-10184,-8385,-10069,-12121,-14586,-14679
 "23000","Maine",1,SAGDP5N,90,"...","Manufacturing and information","Thousands of dollars",0,0,0,0,0,0,0,0,0,-55,-26,-136,-355,-927,-1667,-1821,-926,-494,-476,-310,-324,-307,-318
 "23000","Maine",1,SAGDP5N,91,"...","Private goods-producing industries 2/","Thousands of dollars",-3555,-5525,-10060,-11906,-6967,-11885,-10146,-9142,-18984,-12826,-11272,-12353,-17675,-42147,-15495,-18630,-14454,-11485,-10117,-12671,-11286,-14269,-15323
 "23000","Maine",1,SAGDP5N,92,"...","Private services-providing industries 3/","Thousands of dollars",-38278,-39533,-40377,-38560,-42610,-49863,-56428,-58783,-69724,-70218,-82760,-73246,-95748,-89860,-114491,-99028,-101894,-99303,-84806,-86633,-84798,-84233,-85402
"Note: See the included footnote file."
"SAGDP5N: Subsidies 1/"
"Last updated: October 2, 2020-- new statistics for 2018-2019; revised statistics for 1997-2017."
"Source: U.S. Department of Commerce / Bureau of Economic Analysis / Regional Economic Accounts"
